id,regency_cluster
0,11
1,3
2,3
3,3
4,3
5,3
6,3
7,64
8,3
9,3
10,3
11,3
12,3
13,3
14,64
15,64
16,3
17,85
18,95
19,46
20,64
21,3
22,46
23,95
24,3
25,3
26,68
27,3
28,3
29,29
30,7
31,11
32,3
33,29
34,3
35,3
36,3
37,3
38,3
39,3
40,64
41,25
42,3
43,11
44,3
45,46
46,3
47,3
48,64
49,3
50,3
51,3
52,3
53,3
54,46
55,3
56,64
57,3
58,3
59,3
60,46
61,3
62,3
63,3
64,11
65,3
66,3
67,64
68,59
69,2
70,3
71,46
72,3
73,22
74,11
75,25
76,3
77,64
78,3
79,3
80,3
81,3
82,3
83,3
84,3
85,3
86,3
87,3
88,3
89,3
90,3
91,3
92,3
93,3
94,2
95,2
96,62
97,59
98,64
99,2
100,3
101,3
102,3
103,3
104,3
105,3
106,3
107,64
108,3
109,3
110,3
111,3
112,3
113,25
114,3
115,68
116,3
117,46
118,3
119,59
120,59
121,68
122,64
123,3
124,3
125,3
126,3
127,3
128,3
129,3
130,3
131,25
132,58
133,3
134,64
135,3
136,3
137,82
138,3
139,3
140,3
141,3
142,3
143,3
144,3
145,3
146,3
147,3
148,3
149,3
150,3
151,3
152,3
153,3
154,3
155,3
156,3
157,11
158,3
159,3
160,11
161,29
162,82
163,3
164,3
165,3
166,59
167,3
168,83
169,3
170,61
171,58
172,64
173,11
174,61
175,30
176,64
177,3
178,13
179,11
180,30
181,5
182,5
183,64
184,3
185,3
186,29
187,3
188,3
189,3
190,3
191,3
192,3
193,3
194,64
195,3
196,3
197,64
198,3
199,62
200,3
201,22
202,3
203,3
204,3
205,3
206,3
207,3
208,3
209,64
210,3
211,3
212,11
213,3
214,3
215,3
216,51
217,3
218,3
219,3
220,3
221,3
222,3
223,3
224,3
225,3
226,3
227,3
228,93
229,83
230,64
231,85
232,61
233,3
234,3
235,3
236,3
237,3
238,3
239,3
240,3
241,3
242,3
243,3
244,3
245,3
246,3
247,3
248,3
249,3
250,3
251,3
252,64
253,25
254,64
255,14
256,64
257,90
258,64
259,64
260,64
261,25
262,64
263,68
264,29
265,46
266,11
267,64
268,25
269,2
270,3
271,25
272,25
273,25
274,3
275,3
276,6
277,64
278,3
279,11
280,60
281,64
282,2
283,3
284,3
285,64
286,3
287,64
288,46
289,3
290,11
291,3
292,3
293,22
294,30
295,43
296,25
297,3
298,3
299,3
300,46
301,25
302,64
303,3
304,20
305,3
306,3
307,46
308,29
309,82
310,64
311,64
312,25
313,99
314,3
315,30
316,3
317,3
318,30
319,30
320,3
321,3
322,3
323,78
324,29
325,64
326,64
327,3
328,3
329,64
330,3
331,3
332,3
333,3
334,11
335,11
336,11
337,3
338,3
339,11
340,3
341,3
342,3
343,3
344,85
345,85
346,3
347,85
348,2
349,3
350,82
351,3
352,78
353,89
354,3
355,25
356,7
357,83
358,67
359,3
360,3
361,3
362,3
363,3
364,37
365,25
366,5
367,29
368,3
369,3
370,29
371,89
372,59
373,30
374,99
375,21
376,38
377,46
378,46
379,83
380,3
381,3
382,64
383,64
384,64
385,64
386,64
387,64
388,3
389,85
390,30
391,5
392,62
393,30
394,25
395,3
396,25
397,59
398,13
399,82
400,83
401,11
402,64
403,3
404,64
405,25
406,41
407,37
408,11
409,25
410,82
411,25
412,83
413,25
414,3
415,3
416,3
417,5
418,3
419,3
420,3
421,29
422,3
423,3
424,3
425,5
426,64
427,3
428,3
429,2
430,64
431,25
432,3
433,3
434,77
435,64
436,83
437,62
438,85
439,25
440,30
441,30
442,85
443,30
444,5
445,3
446,3
447,30
448,85
449,3
450,85
451,30
452,62
453,3
454,3
455,3
456,3
457,3
458,3
459,5
460,30
461,30
462,85
463,30
464,30
465,30
466,58
467,2
468,89
469,62
470,5
471,64
472,3
473,30
474,3
475,25
476,25
477,60
478,82
479,30
480,3
481,77
482,21
483,20
484,83
485,57
486,25
487,3
488,3
489,3
490,3
491,30
492,74
493,64
494,2
495,11
496,46
497,20
498,11
499,3
500,3
501,3
502,82
503,5
504,58
505,3
506,3
507,3
508,82
509,25
510,11
511,2
512,5
513,3
514,5
515,5
516,3
517,11
518,77
519,3
520,36
521,3
522,62
523,25
524,58
525,3
526,2
527,3
528,3
529,29
530,5
531,3
532,64
533,5
534,3
535,3
536,3
537,25
538,3
539,3
540,9
541,3
542,32
543,25
544,3
545,3
546,3
547,3
548,3
549,3
550,3
551,11
552,3
553,3
554,3
555,3
556,29
557,3
558,64
559,30
560,25
561,83
562,89
563,3
564,25
565,30
566,36
567,64
568,25
569,3
570,36
571,76
572,5
573,83
574,21
575,11
576,11
577,3
578,3
579,3
580,3
581,3
582,3
583,3
584,3
585,3
586,58
587,3
588,3
589,3
590,64
591,17
592,64
593,25
594,25
595,30
596,25
597,68
598,77
599,99
600,3
601,3
602,3
603,3
604,3
605,46
606,3
607,22
608,64
609,3
610,3
611,3
612,3
613,3
614,89
615,13
616,83
617,82
618,64
619,5
620,3
621,25
622,83
623,83
624,3
625,3
626,64
627,29
628,5
629,30
630,61
631,77
632,64
633,20
634,3
635,3
636,3
637,3
638,25
639,21
640,28
641,82
642,89
643,25
644,25
645,60
646,3
647,3
648,3
649,85
650,25
651,64
652,2
653,25
654,30
655,83
656,3
657,29
658,3
659,3
660,3
661,30
662,25
663,3
664,3
665,3
666,3
667,3
668,64
669,3
670,3
671,3
672,64
673,25
674,3
675,5
676,89
677,30
678,30
679,68
680,3
681,82
682,10
683,5
684,85
685,5
686,5
687,3
688,3
689,3
690,3
691,11
692,5
693,3
694,64
695,25
696,25
697,3
698,3
699,3
700,85
701,3
702,3
703,36
704,64
705,46
706,29
707,3
708,11
709,82
710,29
711,43
712,13
713,77
714,10
715,4
716,82
717,85
718,3
719,77
720,25
721,25
722,30
723,78
724,62
725,47
726,60
727,25
728,2
729,3
730,15
731,3
732,25
733,2
734,11
735,3
736,3
737,99
738,30
739,21
740,5
741,64
742,25
743,83
744,64
745,64
746,3
747,3
748,3
749,5
750,30
751,40
752,36
753,59
754,33
755,25
756,25
757,25
758,2
759,3
760,3
761,35
762,41
763,41
764,11
765,3
766,5
767,3
768,3
769,3
770,99
771,62
772,62
773,3
774,30
775,95
776,25
777,47
778,3
779,83
780,8
781,3
782,25
783,30
784,11
785,11
786,62
787,59
788,59
789,55
790,46
791,25
792,3
793,3
794,3
795,85
796,30
797,3
798,83
799,30
800,55
801,99
802,3
803,3
804,30
805,3
806,85
807,59
808,3
809,3
810,5
811,77
812,59
813,83
814,46
815,3
816,3
817,3
818,82
819,3
820,3
821,29
822,3
823,3
824,3
825,3
826,3
827,3
828,83
829,5
830,12
831,64
832,3
833,3
834,15
835,3
836,3
837,25
838,3
839,3
840,11
841,64
842,30
843,3
844,64
845,64
846,59
847,3
848,3
849,13
850,2
851,5
852,2
853,3
854,25
855,25
856,3
857,3
858,59
859,3
860,3
861,3
862,3
863,3
864,48
865,5
866,85
867,64
868,11
869,64
870,36
871,30
872,43
873,62
874,62
875,78
876,10
877,85
878,25
879,5
880,4
881,89
882,29
883,36
884,3
885,21
886,25
887,2
888,64
889,3
890,3
891,3
892,3
893,3
894,5
895,3
896,3
897,36
898,20
899,3
900,47
901,62
902,21
903,36
904,11
905,25
906,25
907,25
908,21
909,25
910,99
911,5
912,99
913,3
914,83
915,99
916,25
917,89
918,30
919,25
920,3
921,3
922,3
923,15
924,20
925,35
926,3
927,3
928,3
929,3
930,83
931,89
932,60
933,68
934,43
935,85
936,3
937,3
938,3
939,62
940,64
941,30
942,62
943,77
944,3
945,3
946,3
947,82
948,5
949,15
950,3
951,3
952,3
953,3
954,64
955,3
956,29
957,25
958,77
959,28
960,11
961,11
962,76
963,3
964,25
965,99
966,21
967,5
968,29
969,25
970,61
971,3
972,2
973,3
974,25
975,21
976,5
977,3
978,3
979,40
980,5
981,3
982,29
983,99
984,3
985,3
986,3
987,3
988,29
989,77
990,5
991,3
992,3
993,83
994,6
995,82
996,3
997,3
998,25
999,20
1000,82
1001,83
1002,13
1003,83
1004,82
1005,29
1006,40
1007,20
1008,3
1009,30
1010,25
1011,25
1012,25
1013,25
1014,64
1015,30
1016,3
1017,3
1018,58
1019,47
1020,30
1021,25
1022,60
1023,35
1024,30
1025,83
1026,29
1027,3
1028,3
1029,3
1030,3
1031,3
1032,3
1033,3
1034,3
1035,25
1036,30
1037,99
1038,35
1039,29
1040,46
1041,64
1042,3
1043,3
1044,3
1045,82
1046,3
1047,3
1048,11
1049,3
1050,3
1051,3
1052,3
1053,78
1054,5
1055,3
1056,89
1057,83
1058,95
1059,62
1060,64
1061,3
1062,30
1063,3
1064,83
1065,5
1066,3
1067,3
1068,3
1069,3
1070,3
1071,3
1072,3
1073,3
1074,3
1075,3
1076,3
1077,3
1078,64
1079,3
1080,3
1081,3
1082,25
1083,30
1084,3
1085,25
1086,3
1087,89
1088,11
1089,3
1090,64
1091,64
1092,5
1093,2
1094,3
1095,64
1096,40
1097,25
1098,64
1099,64
1100,25
1101,11
1102,64
1103,99
1104,5
1105,99
1106,85
1107,64
1108,5
1109,99
1110,3
1111,3
1112,3
1113,3
1114,3
1115,59
1116,82
1117,3
1118,60
1119,5
1120,64
1121,89
1122,3
1123,11
1124,83
1125,43
1126,62
1127,85
1128,25
1129,3
1130,57
1131,25
1132,75
1133,43
1134,29
1135,40
1136,13
1137,30
1138,25
1139,3
1140,25
1141,3
1142,3
1143,3
1144,3
1145,20
1146,25
1147,77
1148,3
1149,2
1150,2
1151,3
1152,3
1153,3
1154,3
1155,64
1156,3
1157,37
1158,25
1159,43
1160,57
1161,25
1162,29
1163,21
1164,82
1165,25
1166,13
1167,64
1168,21
1169,64
1170,3
1171,83
1172,21
1173,57
1174,64
1175,95
1176,3
1177,25
1178,3
1179,62
1180,3
1181,11
1182,36
1183,3
1184,11
1185,3
1186,97
1187,83
1188,85
1189,3
1190,3
1191,3
1192,3
1193,25
1194,5
1195,21
1196,3
1197,82
1198,3
1199,29
1200,30
1201,3
1202,51
1203,3
1204,83
1205,3
1206,3
1207,3
1208,3
1209,3
1210,29
1211,64
1212,3
1213,3
1214,3
1215,85
1216,3
1217,46
1218,3
1219,3
1220,3
1221,43
1222,3
1223,3
1224,3
1225,30
1226,35
1227,3
1228,80
1229,15
1230,3
1231,77
1232,25
1233,83
1234,57
1235,64
1236,3
1237,20
1238,3
1239,3
1240,3
1241,3
1242,3
1243,20
1244,3
1245,3
1246,25
1247,25
1248,3
1249,5
1250,59
1251,3
1252,3
1253,77
1254,3
1255,3
1256,3
1257,3
1258,3
1259,5
1260,83
1261,30
1262,51
1263,99
1264,80
1265,99
1266,9
1267,30
1268,3
1269,64
1270,36
1271,64
1272,3
1273,2
1274,30
1275,36
1276,36
1277,3
1278,85
1279,64
1280,3
1281,11
1282,3
1283,3
1284,5
1285,77
1286,29
1287,97
1288,64
1289,57
1290,59
1291,30
1292,3
1293,3
1294,64
1295,82
1296,85
1297,57
1298,22
1299,57
1300,29
1301,78
1302,11
1303,3
1304,25
1305,60
1306,10
1307,30
1308,90
1309,68
1310,22
1311,86
1312,3
1313,25
1314,85
1315,83
1316,89
1317,64
1318,7
1319,85
1320,25
1321,29
1322,16
1323,3
1324,3
1325,37
1326,61
1327,83
1328,68
1329,95
1330,43
1331,64
1332,68
1333,9
1334,11
1335,25
1336,29
1337,30
1338,25
1339,89
1340,25
1341,3
1342,3
1343,3
1344,3
1345,3
1346,3
1347,3
1348,3
1349,25
1350,9
1351,2
1352,25
1353,25
1354,99
1355,12
1356,62
1357,37
1358,20
1359,3
1360,3
1361,25
1362,3
1363,3
1364,3
1365,3
1366,3
1367,3
1368,3
1369,29
1370,50
1371,5
1372,95
1373,64
1374,29
1375,25
1376,3
1377,35
1378,40
1379,5
1380,25
1381,3
1382,3
1383,3
1384,82
1385,25
1386,3
1387,3
1388,3
1389,3
1390,26
1391,26
1392,58
1393,58
1394,3
1395,25
1396,15
1397,25
1398,3
1399,3
1400,29
1401,59
1402,58
1403,3
1404,2
1405,2
1406,2
1407,58
1408,25
1409,3
1410,3
1411,3
1412,3
1413,2
1414,3
1415,3
1416,3
1417,64
1418,3
1419,58
1420,3
1421,85
1422,3
1423,57
1424,3
1425,4
1426,30
1427,3
1428,3
1429,3
1430,3
1431,25
1432,30
1433,3
1434,82
1435,3
1436,3
1437,3
1438,3
1439,3
1440,3
1441,64
1442,29
1443,3
1444,3
1445,3
1446,3
1447,29
1448,95
1449,2
1450,3
1451,3
1452,3
1453,3
1454,3
1455,3
1456,83
1457,3
1458,3
1459,3
1460,25
1461,3
1462,3
1463,3
1464,3
1465,3
1466,3
1467,3
1468,3
1469,89
1470,85
1471,3
1472,46
1473,29
1474,62
1475,25
1476,25
1477,5
1478,85
1479,43
1480,5
1481,3
1482,11
1483,46
1484,46
1485,25
1486,59
1487,3
1488,38
1489,41
1490,25
1491,3
1492,46
1493,3
1494,3
1495,64
1496,3
1497,3
1498,25
1499,20
1500,57
1501,3
1502,29
1503,83
1504,83
1505,30
1506,25
1507,3
1508,3
1509,22
1510,64
1511,25
1512,62
1513,25
1514,55
1515,83
1516,7
1517,7
1518,25
1519,21
1520,20
1521,30
1522,46
1523,3
1524,77
1525,77
1526,3
1527,77
1528,25
1529,25
1530,25
1531,3
1532,64
1533,61
1534,2
1535,83
1536,59
1537,8
1538,32
1539,5
1540,3
1541,2
1542,46
1543,46
1544,30
1545,30
1546,3
1547,25
1548,11
1549,25
1550,82
1551,25
1552,46
1553,3
1554,46
1555,3
1556,98
1557,3
1558,46
1559,5
1560,3
1561,3
1562,3
1563,3
1564,3
1565,3
1566,3
1567,64
1568,3
1569,3
1570,3
1571,3
1572,3
1573,3
1574,25
1575,64
1576,3
1577,30
1578,83
1579,5
1580,82
1581,3
1582,25
1583,25
1584,3
1585,3
1586,3
1587,3
1588,3
1589,3
1590,3
1591,3
1592,3
1593,3
1594,3
1595,89
1596,5
1597,2
1598,37
1599,64
1600,64
1601,5
1602,25
1603,30
1604,25
1605,25
1606,30
1607,36
1608,53
1609,3
1610,29
1611,62
1612,36
1613,36
1614,3
1615,85
1616,68
1617,3
1618,29
1619,29
1620,25
1621,31
1622,32
1623,32
1624,59
1625,25
1626,3
1627,3
1628,3
1629,48
1630,3
1631,3
1632,83
1633,3
1634,3
1635,62
1636,3
1637,25
1638,3
1639,3
1640,30
1641,29
1642,83
1643,3
1644,30
1645,3
1646,5
1647,36
1648,46
1649,64
1650,85
1651,60
1652,85
1653,3
1654,3
1655,85
1656,64
1657,21
1658,59
1659,40
1660,3
1661,29
1662,59
1663,30
1664,89
1665,64
1666,30
1667,30
1668,9
1669,64
1670,25
1671,25
1672,25
1673,41
1674,3
1675,3
1676,3
1677,3
1678,3
1679,46
1680,3
1681,3
1682,3
1683,3
1684,76
1685,3
1686,78
1687,3
1688,3
1689,59
1690,30
1691,25
1692,59
1693,21
1694,3
1695,3
1696,3
1697,3
1698,3
1699,3
1700,3
1701,3
1702,85
1703,11
1704,64
1705,25
1706,25
1707,82
1708,30
1709,82
1710,59
1711,25
1712,3
1713,3
1714,3
1715,62
1716,83
1717,30
1718,62
1719,25
1720,9
1721,3
1722,83
1723,17
1724,25
1725,89
1726,83
1727,2
1728,37
1729,58
1730,25
1731,3
1732,33
1733,5
1734,30
1735,3
1736,3
1737,5
1738,83
1739,85
1740,3
1741,3
1742,3
1743,95
1744,5
1745,30
1746,8
1747,64
1748,30
1749,3
1750,11
1751,3
1752,15
1753,64
1754,3
1755,30
1756,21
1757,8
1758,28
1759,25
1760,30
1761,89
1762,55
1763,48
1764,3
1765,3
1766,82
1767,5
1768,73
1769,64
1770,58
1771,77
1772,83
1773,64
1774,25
1775,64
1776,25
1777,40
1778,25
1779,13
1780,3
1781,3
1782,3
1783,46
1784,3
1785,3
1786,83
1787,30
1788,95
1789,83
1790,25
1791,83
1792,30
1793,3
1794,11
1795,62
1796,15
1797,30
1798,3
1799,25
1800,40
1801,3
1802,82
1803,85
1804,25
1805,3
1806,91
1807,3
1808,85
1809,85
1810,85
1811,25
1812,25
1813,11
1814,3
1815,3
1816,3
1817,3
1818,3
1819,80
1820,89
1821,3
1822,3
1823,3
1824,3
1825,3
1826,3
1827,46
1828,64
1829,64
1830,3
1831,3
1832,64
1833,3
1834,30
1835,3
1836,3
1837,77
1838,64
1839,3
1840,2
1841,3
1842,3
1843,3
1844,3
1845,3
1846,46
1847,3
1848,3
1849,64
1850,46
1851,36
1852,2
1853,64
1854,83
1855,3
1856,64
1857,25
1858,64
1859,64
1860,25
1861,8
1862,25
1863,38
1864,5
1865,25
1866,3
1867,3
1868,64
1869,46
1870,3
1871,29
1872,82
1873,77
1874,25
1875,83
1876,3
1877,30
1878,3
1879,64
1880,11
1881,30
1882,3
1883,82
1884,25
1885,2
1886,3
1887,40
1888,89
1889,3
1890,30
1891,25
1892,29
1893,3
1894,5
1895,3
1896,64
1897,3
1898,3
1899,3
1900,5
1901,3
1902,20
1903,29
1904,7
1905,7
1906,3
1907,2
1908,8
1909,25
1910,75
1911,64
1912,62
1913,3
1914,3
1915,3
1916,25
1917,35
1918,36
1919,77
1920,5
1921,25
1922,5
1923,82
1924,5
1925,68
1926,11
1927,11
1928,28
1929,59
1930,25
1931,3
1932,62
1933,83
1934,60
1935,2
1936,62
1937,3
1938,75
1939,75
1940,83
1941,43
1942,3
1943,36
1944,29
1945,3
1946,30
1947,37
1948,81
1949,64
1950,75
1951,28
1952,28
1953,89
1954,62
1955,25
1956,25
1957,3
1958,58
1959,25
1960,82
1961,14
1962,89
1963,30
1964,29
1965,3
1966,60
1967,3
1968,3
1969,3
1970,25
1971,25
1972,25
1973,3
1974,3
1975,3
1976,58
1977,29
1978,25
1979,3
1980,3
1981,3
1982,13
1983,25
1984,3
1985,64
1986,5
1987,3
1988,3
1989,3
1990,3
1991,3
1992,3
1993,3
1994,3
1995,30
1996,57
1997,64
1998,3
1999,64
2000,3
2001,11
2002,3
2003,3
2004,3
2005,25
2006,29
2007,3
2008,3
2009,43
2010,3
2011,3
2012,3
2013,3
2014,3
2015,3
2016,3
2017,3
2018,3
2019,3
2020,3
2021,3
2022,3
2023,58
2024,25
2025,3
2026,3
2027,3
2028,64
2029,3
2030,3
2031,3
2032,3
2033,3
2034,3
2035,3
2036,3
2037,64
2038,3
2039,3
2040,29
2041,3
2042,3
2043,3
2044,3
2045,5
2046,3
2047,3
2048,82
2049,3
2050,2
2051,3
2052,3
2053,25
2054,3
2055,56
2056,64
2057,77
2058,5
2059,99
2060,64
2061,25
2062,25
2063,64
2064,3
2065,3
2066,3
2067,3
2068,3
2069,97
2070,3
2071,3
2072,30
2073,3
2074,11
2075,3
2076,15
2077,82
2078,30
2079,64
2080,30
2081,64
2082,3
2083,89
2084,30
2085,60
2086,77
2087,62
2088,3
2089,58
2090,3
2091,77
2092,11
2093,35
2094,3
2095,64
2096,3
2097,21
2098,83
2099,60
2100,83
2101,40
2102,40
2103,41
2104,3
2105,82
2106,64
2107,3
2108,30
2109,3
2110,3
2111,30
2112,3
2113,58
2114,77
2115,30
2116,3
2117,3
2118,85
2119,85
2120,3
2121,3
2122,3
2123,5
2124,3
2125,36
2126,64
2127,3
2128,11
2129,3
2130,3
2131,3
2132,80
2133,64
2134,64
2135,3
2136,3
2137,64
2138,64
2139,29
2140,3
2141,48
2142,2
2143,81
2144,83
2145,89
2146,64
2147,46
2148,3
2149,3
2150,3
2151,25
2152,89
2153,25
2154,25
2155,25
2156,25
2157,89
2158,3
2159,3
2160,3
2161,3
2162,3
2163,3
2164,30
2165,25
2166,3
2167,3
2168,3
2169,3
2170,3
2171,21
2172,3
2173,3
2174,3
2175,3
2176,3
2177,3
2178,3
2179,3
2180,3
2181,3
2182,3
2183,3
2184,3
2185,3
2186,3
2187,3
2188,3
2189,3
2190,3
2191,3
2192,3
2193,3
2194,3
2195,3
2196,64
2197,3
2198,3
2199,3
2200,3
2201,11
2202,3
2203,3
2204,3
2205,3
2206,3
2207,5
2208,25
2209,2
2210,64
2211,3
2212,3
2213,11
2214,3
2215,3
2216,3
2217,11
2218,3
2219,5
2220,17
2221,3
2222,3
2223,3
2224,3
2225,3
2226,3
2227,3
2228,3
2229,3
2230,3
2231,3
2232,3
2233,3
2234,3
2235,3
2236,3
2237,3
2238,3
2239,64
2240,3
2241,3
2242,64
2243,11
2244,58
2245,46
2246,25
2247,3
2248,25
2249,3
2250,82
2251,62
2252,22
2253,3
2254,3
2255,3
2256,3
2257,3
2258,3
2259,64
2260,3
2261,3
2262,85
2263,3
2264,3
2265,3
2266,3
2267,3
2268,4
2269,64
2270,3
2271,3
2272,3
2273,82
2274,78
2275,3
2276,3
2277,3
2278,3
2279,64
2280,3
2281,3
2282,3
2283,3
2284,64
2285,64
2286,3
2287,3
2288,3
2289,3
2290,3
2291,3
2292,5
2293,3
2294,3
2295,3
2296,36
2297,3
2298,30
2299,3
2300,25
2301,11
2302,3
2303,3
2304,3
2305,3
2306,58
2307,62
2308,3
2309,3
2310,3
2311,46
2312,3
2313,3
2314,3
2315,3
2316,3
2317,3
2318,3
2319,3
2320,3
2321,3
2322,25
2323,3
2324,3
2325,3
2326,3
2327,59
2328,64
2329,3
2330,3
2331,46
2332,3
2333,85
2334,3
2335,3
2336,3
2337,3
2338,3
2339,3
2340,3
2341,40
2342,3
2343,3
2344,3
2345,3
2346,3
2347,30
2348,3
2349,3
2350,3
2351,85
2352,3
2353,3
2354,3
2355,3
2356,3
2357,3
2358,3
2359,3
2360,3
2361,3
2362,64
2363,3
2364,3
2365,3
2366,3
2367,46
2368,76
2369,3
2370,3
2371,46
2372,3
2373,16
2374,3
2375,3
2376,46
2377,3
2378,3
2379,3
2380,3
2381,3
2382,3
2383,16
2384,3
2385,3
2386,64
2387,3
2388,3
2389,3
2390,46
2391,3
2392,3
2393,3
2394,3
2395,5
2396,3
2397,3
2398,64
2399,29
2400,3
2401,3
2402,3
2403,3
2404,3
2405,3
2406,3
2407,85
2408,3
2409,46
2410,64
2411,2
2412,64
2413,3
2414,3
2415,3
2416,3
2417,3
2418,3
2419,3
2420,3
2421,3
2422,3
2423,59
2424,25
2425,3
2426,3
2427,97
2428,29
2429,3
2430,3
2431,3
2432,3
2433,3
2434,3
2435,3
2436,36
2437,3
2438,3
2439,5
2440,3
2441,3
2442,2
2443,3
2444,64
2445,3
2446,3
2447,3
2448,64
2449,3
2450,2
2451,68
2452,11
2453,3
2454,3
2455,64
2456,77
2457,3
2458,3
2459,3
2460,46
2461,3
2462,3
2463,36
2464,11
2465,3
2466,3
2467,64
2468,85
2469,3
2470,3
2471,3
2472,3
2473,3
2474,3
2475,3
2476,3
2477,3
2478,3
2479,3
2480,3
2481,3
2482,46
2483,3
2484,3
2485,3
2486,3
2487,3
2488,3
2489,3
2490,3
2491,3
2492,3
2493,3
2494,3
2495,11
2496,11
2497,3
2498,3
2499,3
2500,3
2501,3
2502,3
2503,29
2504,64
2505,3
2506,25
2507,25
2508,3
2509,64
2510,3
2511,3
2512,3
2513,3
2514,3
2515,3
2516,29
2517,5
2518,60
2519,3
2520,25
2521,77
2522,3
2523,3
2524,3
2525,3
2526,92
2527,5
2528,85
2529,3
2530,3
2531,5
2532,3
2533,11
2534,11
2535,3
2536,3
2537,3
2538,3
2539,64
2540,5
2541,11
2542,3
2543,3
2544,3
2545,3
2546,3
2547,3
2548,3
2549,58
2550,3
2551,3
2552,3
2553,3
2554,99
2555,3
2556,82
2557,58
2558,3
2559,30
2560,30
2561,29
2562,3
2563,85
2564,5
2565,3
2566,82
2567,64
2568,46
2569,3
2570,64
2571,3
2572,3
2573,3
2574,3
2575,29
2576,3
2577,3
2578,3
2579,46
2580,3
2581,64
2582,64
2583,3
2584,37
2585,3
2586,5
2587,3
2588,3
2589,3
2590,3
2591,3
2592,51
2593,64
2594,25
2595,13
2596,3
2597,3
2598,3
2599,3
2600,3
2601,22
2602,3
2603,64
2604,3
2605,3
2606,3
2607,25
2608,85
2609,3
2610,3
2611,3
2612,29
2613,3
2614,3
2615,3
2616,3
2617,85
2618,3
2619,3
2620,3
2621,3
2622,29
2623,46
2624,3
2625,3
2626,3
2627,3
2628,36
2629,3
2630,3
2631,3
2632,3
2633,85
2634,3
2635,3
2636,3
2637,3
2638,3
2639,5
2640,20
2641,64
2642,3
2643,3
2644,3
2645,3
2646,85
2647,85
2648,3
2649,3
2650,3
2651,25
2652,25
2653,82
2654,3
2655,64
2656,3
2657,5
2658,3
2659,3
2660,3
2661,3
2662,3
2663,3
2664,3
2665,59
2666,3
2667,3
2668,3
2669,64
2670,3
2671,3
2672,64
2673,3
2674,3
2675,64
2676,3
2677,64
2678,64
2679,29
2680,3
2681,3
2682,64
2683,85
2684,3
2685,3
2686,25
2687,11
2688,3
2689,3
2690,3
2691,3
2692,3
2693,3
2694,3
2695,3
2696,64
2697,3
2698,3
2699,64
2700,64
2701,3
2702,3
2703,25
2704,3
2705,3
2706,3
2707,3
2708,46
2709,3
2710,3
2711,64
2712,3
2713,3
2714,3
2715,3
2716,3
2717,3
2718,58
2719,64
2720,3
2721,3
2722,46
2723,25
2724,62
2725,85
2726,3
2727,5
2728,58
2729,25
2730,3
2731,3
2732,3
2733,3
2734,3
2735,46
2736,2
2737,21
2738,3
2739,3
2740,86
2741,77
2742,85
2743,5
2744,62
2745,30
2746,5
2747,72
2748,3
2749,3
2750,5
2751,85
2752,64
2753,25
2754,29
2755,46
2756,3
2757,29
2758,64
2759,3
2760,64
2761,25
2762,68
2763,30
2764,7
2765,25
2766,92
2767,58
2768,64
2769,3
2770,29
2771,3
2772,3
2773,5
2774,3
2775,3
2776,3
2777,3
2778,21
2779,3
2780,97
2781,97
2782,64
2783,85
2784,35
2785,25
2786,77
2787,5
2788,22
2789,3
2790,64
2791,3
2792,25
2793,76
2794,78
2795,47
2796,93
2797,3
2798,64
2799,3
2800,25
2801,62
2802,59
2803,59
2804,77
2805,25
2806,40
2807,8
2808,25
2809,29
2810,43
2811,51
2812,51
2813,40
2814,5
2815,36
2816,43
2817,3
2818,82
2819,5
2820,40
2821,46
2822,3
2823,3
2824,46
2825,3
2826,30
2827,5
2828,3
2829,41
2830,10
2831,59
2832,40
2833,41
2834,37
2835,75
2836,75
2837,89
2838,89
2839,3
2840,64
2841,57
2842,62
2843,83
2844,99
2845,3
2846,83
2847,25
2848,11
2849,64
2850,25
2851,48
2852,48
2853,76
2854,20
2855,64
2856,3
2857,64
2858,64
2859,68
2860,73
2861,82
2862,64
2863,25
2864,3
2865,30
2866,62
2867,8
2868,36
2869,3
2870,11
2871,59
2872,20
2873,60
2874,43
2875,25
2876,25
2877,68
2878,68
2879,68
2880,68
2881,68
2882,77
2883,15
2884,3
2885,3
2886,3
2887,3
2888,29
2889,3
2890,99
2891,25
2892,25
2893,3
2894,17
2895,6
2896,25
2897,3
2898,5
2899,25
2900,25
2901,2
2902,3
2903,25
2904,25
2905,64
2906,12
2907,5
2908,3
2909,25
2910,61
2911,11
2912,64
2913,4
2914,3
2915,7
2916,89
2917,20
2918,3
2919,3
2920,95
2921,3
2922,29
2923,17
2924,3
2925,3
2926,3
2927,3
2928,3
2929,3
2930,5
2931,3
2932,77
2933,25
2934,3
2935,46
2936,3
2937,25
2938,3
2939,3
2940,3
2941,3
2942,11
2943,3
2944,58
2945,11
2946,3
2947,3
2948,3
2949,30
2950,5
2951,3
2952,3
2953,15
2954,82
2955,25
2956,36
2957,8
2958,25
2959,3
2960,2
2961,11
2962,64
2963,3
2964,85
2965,3
2966,40
2967,85
2968,3
2969,77
2970,64
2971,3
2972,15
2973,3
2974,2
2975,26
2976,15
2977,80
2978,3
2979,5
2980,5
2981,3
2982,2
2983,3
2984,73
2985,10
2986,99
2987,15
2988,60
2989,15
2990,3
2991,2
2992,3
2993,3
2994,37
2995,25
2996,3
2997,3
2998,3
2999,68
3000,43
3001,30
3002,62
3003,20
3004,89
3005,3
3006,11
3007,3
3008,3
3009,3
3010,59
3011,25
3012,29
3013,75
3014,3
3015,3
3016,3
3017,3
3018,3
3019,3
3020,3
3021,3
3022,62
3023,29
3024,64
3025,3
3026,3
3027,3
3028,3
3029,3
3030,3
3031,3
3032,3
3033,92
3034,3
3035,3
3036,3
3037,3
3038,64
3039,29
3040,3
3041,3
3042,3
3043,3
3044,3
3045,15
3046,3
3047,3
3048,3
3049,3
3050,3
3051,3
3052,3
3053,3
3054,3
3055,64
3056,29
3057,3
3058,3
3059,25
3060,3
3061,3
3062,64
3063,3
3064,3
3065,36
3066,2
3067,3
3068,3
3069,3
3070,3
3071,3
3072,3
3073,3
3074,59
3075,3
3076,68
3077,3
3078,64
3079,11
3080,5
3081,3
3082,3
3083,64
3084,3
3085,64
3086,3
3087,11
3088,3
3089,3
3090,3
3091,3
3092,3
3093,85
3094,5
3095,3
3096,3
3097,3
3098,3
3099,3
3100,2
3101,3
3102,3
3103,3
3104,3
3105,59
3106,3
3107,3
3108,3
3109,58
3110,3
3111,3
3112,3
3113,3
3114,59
3115,3
3116,3
3117,11
3118,64
3119,3
3120,3
3121,3
3122,64
3123,2
3124,3
3125,3
3126,11
3127,5
3128,55
3129,64
3130,64
3131,21
3132,3
3133,25
3134,25
3135,25
3136,30
3137,11
3138,64
3139,3
3140,3
3141,3
3142,64
3143,3
3144,3
3145,3
3146,62
3147,3
3148,3
3149,3
3150,29
3151,64
3152,3
3153,3
3154,3
3155,3
3156,3
3157,29
3158,29
3159,3
3160,64
3161,3
3162,3
3163,5
3164,3
3165,64
3166,3
3167,3
3168,3
3169,64
3170,3
3171,3
3172,3
3173,3
3174,3
3175,3
3176,64
3177,3
3178,46
3179,3
3180,85
3181,3
3182,64
3183,3
3184,64
3185,3
3186,46
3187,3
3188,3
3189,3
3190,5
3191,2
3192,64
3193,64
3194,3
3195,3
3196,3
3197,3
3198,3
3199,3
3200,3
3201,3
3202,46
3203,64
3204,3
3205,11
3206,3
3207,21
3208,3
3209,5
3210,25
3211,36
3212,64
3213,46
3214,30
3215,3
3216,3
3217,3
3218,3
3219,64
3220,3
3221,3
3222,3
3223,3
3224,3
3225,3
3226,3
3227,3
3228,3
3229,64
3230,3
3231,64
3232,3
3233,3
3234,3
3235,3
3236,3
3237,3
3238,64
3239,3
3240,3
3241,64
3242,64
3243,46
3244,99
3245,46
3246,37
3247,83
3248,60
3249,40
3250,64
3251,5
3252,59
3253,78
3254,53
3255,76
3256,48
3257,77
3258,3
3259,5
3260,3
3261,46
3262,11
3263,11
3264,58
3265,3
3266,3
3267,3
3268,25
3269,25
3270,77
3271,77
3272,3
3273,3
3274,3
3275,3
3276,3
3277,64
3278,3
3279,85
3280,3
3281,3
3282,25
3283,83
3284,59
3285,30
3286,62
3287,3
3288,3
3289,20
3290,3
3291,30
3292,29
3293,59
3294,29
3295,25
3296,3
3297,61
3298,3
3299,5
3300,48
3301,30
3302,3
3303,3
3304,3
3305,3
3306,3
3307,3
3308,3
3309,3
3310,25
3311,25
3312,81
3313,21
3314,25
3315,46
3316,25
3317,2
3318,25
3319,89
3320,29
3321,47
3322,47
3323,2
3324,25
3325,47
3326,59
3327,3
3328,3
3329,3
3330,3
3331,3
3332,3
3333,58
3334,25
3335,47
3336,21
3337,99
3338,11
3339,25
3340,3
3341,3
3342,64
3343,64
3344,75
3345,64
3346,64
3347,3
3348,3
3349,48
3350,25
3351,11
3352,43
3353,8
3354,25
3355,64
3356,5
3357,15
3358,25
3359,3
3360,3
3361,82
3362,3
3363,5
3364,3
3365,85
3366,25
3367,2
3368,3
3369,3
3370,98
3371,3
3372,36
3373,3
3374,3
3375,5
3376,3
3377,3
3378,64
3379,3
3380,3
3381,3
3382,29
3383,29
3384,11
3385,23
3386,25
3387,11
3388,59
3389,29
3390,51
3391,13
3392,30
3393,64
3394,64
3395,25
3396,95
3397,43
3398,46
3399,3
3400,30
3401,64
3402,77
3403,59
3404,3
3405,46
3406,3
3407,29
3408,46
3409,25
3410,3
3411,3
3412,3
3413,3
3414,89
3415,22
3416,64
3417,25
3418,25
3419,36
3420,36
3421,29
3422,64
3423,5
3424,25
3425,5
3426,25
3427,11
3428,29
3429,85
3430,59
3431,25
3432,3
3433,28
3434,20
3435,3
3436,3
3437,77
3438,25
3439,25
3440,55
3441,62
3442,64
3443,64
3444,3
3445,3
3446,64
3447,25
3448,3
3449,64
3450,3
3451,3
3452,3
3453,3
3454,3
3455,20
3456,3
3457,64
3458,3
3459,3
3460,3
3461,3
3462,3
3463,3
3464,25
3465,85
3466,3
3467,58
3468,3
3469,30
3470,75
3471,62
3472,3
3473,35
3474,30
3475,3
3476,3
3477,5
3478,3
3479,3
3480,3
3481,3
3482,3
3483,2
3484,64
3485,3
3486,3
3487,58
3488,83
3489,59
3490,59
3491,59
3492,64
3493,29
3494,64
3495,83
3496,29
3497,3
3498,5
3499,82
3500,40
3501,95
3502,29
3503,59
3504,75
3505,77
3506,2
3507,82
3508,7
3509,3
3510,3
3511,3
3512,64
3513,3
3514,59
3515,64
3516,21
3517,3
3518,30
3519,5
3520,64
3521,64
3522,29
3523,37
3524,30
3525,92
3526,59
3527,13
3528,64
3529,30
3530,21
3531,57
3532,25
3533,2
3534,8
3535,64
3536,25
3537,11
3538,33
3539,33
3540,25
3541,2
3542,83
3543,25
3544,62
3545,59
3546,11
3547,2
3548,3
3549,20
3550,3
3551,41
3552,3
3553,7
3554,3
3555,36
3556,64
3557,36
3558,64
3559,37
3560,80
3561,82
3562,30
3563,20
3564,64
3565,89
3566,64
3567,40
3568,25
3569,62
3570,83
3571,25
3572,41
3573,89
3574,36
3575,29
3576,64
3577,64
3578,3
3579,3
3580,37
3581,25
3582,5
3583,25
3584,3
3585,3
3586,3
3587,3
3588,3
3589,57
3590,5
3591,25
3592,5
3593,15
3594,57
3595,30
3596,99
3597,46
3598,2
3599,21
3600,21
3601,3
3602,30
3603,25
3604,3
3605,3
3606,97
3607,5
3608,25
3609,62
3610,62
3611,77
3612,2
3613,41
3614,51
3615,21
3616,3
3617,3
3618,3
3619,3
3620,3
3621,59
3622,68
3623,64
3624,82
3625,83
3626,64
3627,3
3628,64
3629,59
3630,3
3631,3
3632,3
3633,64
3634,3
3635,3
3636,3
3637,3
3638,3
3639,3
3640,3
3641,3
3642,12
3643,30
3644,30
3645,3
3646,3
3647,25
3648,46
3649,46
3650,2
3651,3
3652,3
3653,59
3654,3
3655,11
3656,43
3657,3
3658,3
3659,3
3660,3
3661,3
3662,3
3663,3
3664,3
3665,3
3666,22
3667,3
3668,3
3669,3
3670,3
3671,21
3672,89
3673,3
3674,83
3675,30
3676,5
3677,36
3678,43
3679,64
3680,3
3681,64
3682,3
3683,3
3684,3
3685,62
3686,3
3687,3
3688,3
3689,29
3690,5
3691,11
3692,3
3693,25
3694,36
3695,68
3696,75
3697,3
3698,3
3699,59
3700,3
3701,3
3702,25
3703,25
3704,3
3705,3
3706,59
3707,2
3708,30
3709,30
3710,30
3711,43
3712,77
3713,77
3714,57
3715,11
3716,41
3717,64
3718,59
3719,29
3720,3
3721,25
3722,83
3723,3
3724,20
3725,3
3726,3
3727,43
3728,25
3729,3
3730,3
3731,59
3732,3
3733,3
3734,83
3735,29
3736,3
3737,25
3738,25
3739,89
3740,30
3741,25
3742,25
3743,41
3744,5
3745,3
3746,3
3747,3
3748,25
3749,43
3750,5
3751,5
3752,3
3753,77
3754,11
3755,3
3756,3
3757,3
3758,3
3759,3
3760,3
3761,25
3762,21
3763,3
3764,3
3765,3
3766,3
3767,3
3768,30
3769,21
3770,85
3771,64
3772,25
3773,29
3774,46
3775,3
3776,3
3777,3
3778,3
3779,3
3780,3
3781,3
3782,3
3783,3
3784,3
3785,64
3786,11
3787,2
3788,40
3789,95
3790,11
3791,59
3792,25
3793,3
3794,83
3795,3
3796,3
3797,13
3798,3
3799,25
3800,20
3801,3
3802,3
3803,3
3804,11
3805,3
3806,5
3807,59
3808,3
3809,11
3810,3
3811,3
3812,3
3813,3
3814,3
3815,40
3816,59
3817,29
3818,3
3819,11
3820,25
3821,3
3822,3
3823,3
3824,3
3825,3
3826,3
3827,3
3828,2
3829,3
3830,95
3831,83
3832,25
3833,3
3834,3
3835,3
3836,4
3837,7
3838,64
3839,29
3840,3
3841,3
3842,64
3843,3
3844,15
3845,3
3846,3
3847,30
3848,3
3849,15
3850,3
3851,3
3852,3
3853,3
3854,2
3855,3
3856,11
3857,2
3858,3
3859,64
3860,61
3861,3
3862,29
3863,3
3864,5
3865,29
3866,47
3867,3
3868,25
3869,25
3870,62
3871,64
3872,64
3873,99
3874,80
3875,3
3876,62
3877,11
3878,25
3879,3
3880,3
3881,3
3882,3
3883,83
3884,11
3885,3
3886,64
3887,64
3888,21
3889,5
3890,3
3891,29
3892,47
3893,11
3894,17
3895,3
3896,41
3897,3
3898,59
3899,3
3900,3
3901,25
3902,3
3903,30
3904,99
3905,3
3906,25
3907,3
3908,3
3909,36
3910,3
3911,3
3912,3
3913,3
3914,5
3915,57
3916,89
3917,25
3918,58
3919,55
3920,16
3921,25
3922,3
3923,3
3924,67
3925,5
3926,3
3927,82
3928,64
3929,82
3930,82
3931,3
3932,85
3933,3
3934,5
3935,3
3936,3
3937,25
3938,2
3939,3
3940,3
3941,5
3942,3
3943,46
3944,29
3945,40
3946,40
3947,64
3948,25
3949,83
3950,25
3951,3
3952,25
3953,99
3954,5
3955,2
3956,3
3957,46
3958,5
3959,2
3960,25
3961,29
3962,3
3963,30
3964,11
3965,64
3966,82
3967,60
3968,77
3969,3
3970,51
3971,89
3972,11
3973,89
3974,64
3975,30
3976,3
3977,3
3978,3
3979,15
3980,3
3981,64
3982,5
3983,3
3984,14
3985,30
3986,3
3987,3
3988,85
3989,99
3990,30
3991,30
3992,25
3993,83
3994,29
3995,62
3996,83
3997,38
3998,59
3999,62
4000,37
4001,25
4002,57
4003,35
4004,89
4005,25
4006,30
4007,25
4008,83
4009,3
4010,3
4011,3
4012,3
4013,77
4014,3
4015,59
4016,5
4017,59
4018,3
4019,25
4020,30
4021,46
4022,77
4023,40
4024,30
4025,77
4026,3
4027,20
4028,3
4029,3
4030,29
4031,3
4032,3
4033,3
4034,82
4035,77
4036,30
4037,3
4038,3
4039,29
4040,62
4041,29
4042,5
4043,5
4044,3
4045,95
4046,3
4047,3
4048,3
4049,29
4050,3
4051,11
4052,3
4053,3
4054,64
4055,3
4056,25
4057,85
4058,85
4059,5
4060,3
4061,13
4062,3
4063,36
4064,68
4065,3
4066,90
4067,25
4068,43
4069,30
4070,3
4071,3
4072,29
4073,3
4074,25
4075,25
4076,82
4077,3
4078,3
4079,46
4080,64
4081,3
4082,68
4083,3
4084,3
4085,3
4086,3
4087,3
4088,3
4089,5
4090,3
4091,3
4092,64
4093,64
4094,3
4095,3
4096,3
4097,77
4098,77
4099,3
4100,46
4101,3
4102,3
4103,83
4104,25
4105,83
4106,64
4107,3
4108,3
4109,3
4110,3
4111,46
4112,25
4113,5
4114,25
4115,83
4116,21
4117,83
4118,97
4119,64
4120,3
4121,3
4122,25
4123,25
4124,3
4125,46
4126,37
4127,3
4128,25
4129,3
4130,3
4131,25
4132,3
4133,83
4134,11
4135,29
4136,9
4137,83
4138,82
4139,25
4140,58
4141,36
4142,37
4143,29
4144,46
4145,37
4146,13
4147,8
4148,25
4149,35
4150,30
4151,30
4152,3
4153,25
4154,3
4155,61
4156,3
4157,64
4158,3
4159,36
4160,64
4161,89
4162,25
4163,43
4164,89
4165,64
4166,99
4167,82
4168,25
4169,10
4170,41
4171,99
4172,41
4173,20
4174,5
4175,83
4176,3
4177,89
4178,37
4179,25
4180,82
4181,40
4182,21
4183,59
4184,64
4185,67
4186,82
4187,64
4188,83
4189,25
4190,3
4191,11
4192,11
4193,15
4194,25
4195,81
4196,37
4197,4
4198,30
4199,3
4200,3
4201,15
4202,64
4203,83
4204,64
4205,2
4206,99
4207,83
4208,3
4209,21
4210,89
4211,83
4212,46
4213,25
4214,7
4215,3
4216,3
4217,3
4218,40
4219,3
4220,3
4221,25
4222,46
4223,3
4224,46
4225,3
4226,3
4227,83
4228,57
4229,3
4230,36
4231,3
4232,59
4233,46
4234,46
4235,25
4236,64
4237,25
4238,11
4239,3
4240,99
4241,3
4242,3
4243,3
4244,3
4245,36
4246,3
4247,3
4248,25
4249,11
4250,64
4251,44
4252,3
4253,64
4254,3
4255,64
4256,3
4257,62
4258,22
4259,25
4260,83
4261,25
4262,60
4263,27
4264,64
4265,25
4266,64
4267,3
4268,29
4269,3
4270,57
4271,3
4272,30
4273,3
4274,64
4275,59
4276,3
4277,3
4278,3
4279,58
4280,3
4281,5
4282,59
4283,82
4284,62
4285,3
4286,25
4287,3
4288,3
4289,3
4290,3
4291,4
4292,3
4293,17
4294,29
4295,85
4296,62
4297,56
4298,83
4299,11
4300,82
4301,11
4302,5
4303,25
4304,83
4305,0
4306,46
4307,82
4308,25
4309,64
4310,29
4311,25
4312,30
4313,68
4314,25
4315,25
4316,3
4317,3
4318,3
4319,3
4320,10
4321,83
4322,3
4323,83
4324,5
4325,60
4326,40
4327,83
4328,57
4329,40
4330,25
4331,30
4332,3
4333,3
4334,3
4335,3
4336,3
4337,20
4338,3
4339,3
4340,3
4341,30
4342,41
4343,3
4344,3
4345,3
4346,30
4347,2
4348,25
4349,5
4350,64
4351,3
4352,3
4353,3
4354,64
4355,64
4356,29
4357,83
4358,3
4359,25
4360,3
4361,92
4362,29
4363,25
4364,25
4365,29
4366,62
4367,85
4368,25
4369,5
4370,62
4371,3
4372,82
4373,82
4374,62
4375,5
4376,3
4377,30
4378,3
4379,30
4380,2
4381,3
4382,3
4383,85
4384,3
4385,51
4386,46
4387,25
4388,64
4389,36
4390,3
4391,3
4392,3
4393,5
4394,83
4395,2
4396,37
4397,30
4398,64
4399,99
4400,25
4401,64
4402,58
4403,25
4404,30
4405,40
4406,89
4407,25
4408,25
4409,3
4410,3
4411,10
4412,2
4413,51
4414,2
4415,3
4416,3
4417,5
4418,3
4419,3
4420,5
4421,3
4422,3
4423,64
4424,11
4425,82
4426,3
4427,3
4428,46
4429,3
4430,3
4431,3
4432,3
4433,3
4434,3
4435,29
4436,82
4437,3
4438,3
4439,3
4440,3
4441,3
4442,83
4443,3
4444,3
4445,3
4446,25
4447,85
4448,3
4449,3
4450,59
4451,3
4452,3
4453,59
4454,62
4455,29
4456,57
4457,99
4458,11
4459,85
4460,62
4461,25
4462,3
4463,25
4464,68
4465,47
4466,25
4467,37
4468,64
4469,3
4470,29
4471,3
4472,3
4473,3
4474,77
4475,3
4476,3
4477,8
4478,25
4479,85
4480,82
4481,3
4482,3
4483,85
4484,21
4485,3
4486,30
4487,3
4488,3
4489,3
4490,64
4491,2
4492,82
4493,89
4494,25
4495,25
4496,3
4497,60
4498,41
4499,30
4500,85
4501,20
4502,20
4503,76
4504,80
4505,11
4506,6
4507,46
4508,5
4509,3
4510,25
4511,25
4512,25
4513,46
4514,98
4515,98
4516,82
4517,3
4518,5
4519,5
4520,3
4521,3
4522,3
4523,3
4524,46
4525,82
4526,98
4527,5
4528,5
4529,28
4530,3
4531,3
4532,5
4533,64
4534,3
4535,25
4536,64
4537,3
4538,3
4539,3
4540,20
4541,5
4542,59
4543,57
4544,82
4545,36
4546,11
4547,25
4548,11
4549,99
4550,11
4551,64
4552,30
4553,85
4554,85
4555,3
4556,85
4557,11
4558,25
4559,62
4560,2
4561,28
4562,25
4563,11
4564,62
4565,25
4566,85
4567,3
4568,25
4569,25
4570,3
4571,85
4572,82
4573,89
4574,99
4575,3
4576,25
4577,99
4578,25
4579,3
4580,62
4581,58
4582,21
4583,12
4584,3
4585,78
4586,3
4587,85
4588,85
4589,36
4590,55
4591,64
4592,85
4593,3
4594,3
4595,3
4596,25
4597,10
4598,57
4599,25
4600,25
4601,3
4602,3
4603,64
4604,5
4605,53
4606,61
4607,59
4608,11
4609,13
4610,3
4611,25
4612,46
4613,20
4614,59
4615,90
4616,36
4617,95
4618,11
4619,25
4620,86
4621,30
4622,82
4623,82
4624,46
4625,5
4626,3
4627,3
4628,3
4629,91
4630,3
4631,3
4632,3
4633,3
4634,47
4635,3
4636,3
4637,3
4638,3
4639,3
4640,64
4641,3
4642,3
4643,3
4644,3
4645,3
4646,3
4647,3
4648,3
4649,3
4650,3
4651,3
4652,61
4653,25
4654,76
4655,85
4656,59
4657,29
4658,25
4659,3
4660,64
4661,3
4662,3
4663,30
4664,3
4665,85
4666,25
4667,22
4668,95
4669,9
4670,25
4671,99
4672,83
4673,99
4674,5
4675,25
4676,30
4677,3
4678,62
4679,47
4680,13
4681,64
4682,25
4683,5
4684,29
4685,29
4686,30
4687,64
4688,2
4689,46
4690,25
4691,3
4692,25
4693,25
4694,3
4695,17
4696,64
4697,3
4698,85
4699,3
4700,62
4701,85
4702,5
4703,3
4704,25
4705,5
4706,30
4707,59
4708,3
4709,16
4710,30
4711,90
4712,5
4713,64
4714,36
4715,3
4716,37
4717,29
4718,83
4719,86
4720,21
4721,78
4722,78
4723,57
4724,11
4725,3
4726,3
4727,3
4728,3
4729,64
4730,77
4731,3
4732,3
4733,40
4734,59
4735,30
4736,25
4737,82
4738,3
4739,3
4740,3
4741,30
4742,56
4743,36
4744,4
4745,25
4746,25
4747,47
4748,29
4749,77
4750,57
4751,30
4752,55
4753,5
4754,5
4755,25
4756,3
4757,64
4758,11
4759,2
4760,5
4761,30
4762,62
4763,83
4764,29
4765,22
4766,64
4767,3
4768,3
4769,3
4770,3
4771,3
4772,29
4773,46
4774,30
4775,3
4776,3
4777,3
4778,3
4779,3
4780,85
4781,3
4782,30
4783,30
4784,35
4785,3
4786,3
4787,3
4788,3
4789,3
4790,3
4791,3
4792,8
4793,2
4794,76
4795,59
4796,59
4797,11
4798,64
4799,44
4800,64
4801,3
4802,3
4803,59
4804,75
4805,59
4806,2
4807,5
4808,29
4809,59
4810,11
4811,3
4812,3
4813,3
4814,3
4815,46
4816,64
4817,3
4818,6
4819,2
4820,3
4821,64
4822,3
4823,3
4824,3
4825,3
4826,3
4827,25
4828,58
4829,3
4830,3
4831,3
4832,3
4833,3
4834,3
4835,20
4836,11
4837,3
4838,3
4839,3
4840,3
4841,3
4842,3
4843,25
4844,16
4845,3
4846,6
4847,3
4848,36
4849,17
4850,25
4851,2
4852,62
4853,62
4854,55
4855,25
4856,6
4857,25
4858,25
4859,5
4860,41
4861,41
4862,83
4863,62
4864,25
4865,29
4866,3
4867,3
4868,3
4869,97
4870,83
4871,3
4872,3
4873,3
4874,25
4875,21
4876,25
4877,5
4878,3
4879,59
4880,25
4881,25
4882,46
4883,64
4884,46
4885,64
4886,30
4887,3
4888,64
4889,64
4890,3
4891,8
4892,25
4893,3
4894,3
4895,3
4896,3
4897,3
4898,3
4899,3
4900,77
4901,40
4902,3
4903,21
4904,12
4905,30
4906,5
4907,25
4908,21
4909,3
4910,3
4911,3
4912,3
4913,3
4914,64
4915,3
4916,9
4917,3
4918,29
4919,37
4920,30
4921,85
4922,5
4923,5
4924,3
4925,3
4926,11
4927,64
4928,83
4929,5
4930,20
4931,3
4932,3
4933,3
4934,3
4935,59
4936,62
4937,3
4938,3
4939,77
4940,3
4941,82
4942,85
4943,25
4944,21
4945,89
4946,30
4947,43
4948,43
4949,3
4950,3
4951,3
4952,3
4953,25
4954,25
4955,25
4956,90
4957,3
4958,59
4959,3
4960,12
4961,3
4962,3
4963,11
4964,5
4965,3
4966,57
4967,59
4968,82
4969,3
4970,3
4971,28
4972,64
4973,62
4974,20
4975,62
4976,62
4977,89
4978,25
4979,3
4980,30
4981,2
4982,3
4983,3
4984,25
4985,20
4986,3
4987,3
4988,82
4989,5
4990,25
4991,64
4992,64
4993,2
4994,30
4995,3
4996,3
4997,64
4998,46
4999,38
5000,25
5001,3
5002,5
5003,3
5004,3
5005,3
5006,46
5007,3
5008,3
5009,3
5010,46
5011,3
5012,3
5013,3
5014,3
5015,80
5016,3
5017,3
5018,3
5019,3
5020,3
5021,25
5022,3
5023,3
5024,3
5025,30
5026,3
5027,67
5028,3
5029,3
5030,3
5031,3
5032,3
5033,3
5034,3
5035,3
5036,3
5037,30
5038,25
5039,17
5040,25
5041,64
5042,25
5043,3
5044,3
5045,3
5046,3
5047,20
5048,5
5049,3
5050,2
5051,30
5052,30
5053,30
5054,64
5055,10
5056,3
5057,20
5058,25
5059,83
5060,41
5061,82
5062,14
5063,46
5064,29
5065,3
5066,25
5067,64
5068,25
5069,2
5070,53
5071,2
5072,3
5073,3
5074,36
5075,25
5076,83
5077,35
5078,62
5079,25
5080,11
5081,20
5082,5
5083,83
5084,3
5085,5
5086,3
5087,3
5088,3
5089,36
5090,30
5091,5
5092,5
5093,75
5094,58
5095,25
5096,46
5097,53
5098,46
5099,2
5100,3
5101,3
5102,3
5103,11
5104,60
5105,30
5106,47
5107,3
5108,3
5109,64
5110,3
5111,3
5112,3
5113,3
5114,3
5115,3
5116,3
5117,3
5118,3
5119,3
5120,85
5121,99
5122,3
5123,3
5124,30
5125,29
5126,3
5127,29
5128,37
5129,5
5130,30
5131,3
5132,5
5133,5
5134,83
5135,25
5136,30
5137,62
5138,2
5139,3
5140,5
5141,3
5142,58
5143,30
5144,36
5145,2
5146,61
5147,30
5148,16
5149,64
5150,5
5151,59
5152,11
5153,59
5154,3
5155,51
5156,10
5157,77
5158,30
5159,40
5160,89
5161,29
5162,3
5163,3
5164,3
5165,3
5166,64
5167,3
5168,3
5169,85
5170,3
5171,3
5172,5
5173,3
5174,3
5175,3
5176,3
5177,3
5178,41
5179,3
5180,3
5181,2
5182,29
5183,11
5184,25
5185,25
5186,5
5187,25
5188,3
5189,3
5190,29
5191,3
5192,5
5193,3
5194,3
5195,3
5196,3
5197,3
5198,3
5199,3
5200,3
5201,3
5202,3
5203,3
5204,3
5205,3
5206,64
5207,3
5208,3
5209,3
5210,11
5211,11
5212,25
5213,15
5214,3
5215,5
5216,3
5217,29
5218,3
5219,3
5220,3
5221,3
5222,11
5223,3
5224,64
5225,64
5226,3
5227,3
5228,3
5229,58
5230,64
5231,3
5232,3
5233,29
5234,3
5235,3
5236,3
5237,3
5238,64
5239,29
5240,3
5241,3
5242,3
5243,3
5244,47
5245,3
5246,64
5247,51
5248,3
5249,57
5250,25
5251,25
5252,3
5253,25
5254,11
5255,64
5256,3
5257,3
5258,5
5259,25
5260,3
5261,3
5262,3
5263,3
5264,3
5265,3
5266,3
5267,57
5268,3
5269,3
5270,3
5271,3
5272,64
5273,64
5274,3
5275,11
5276,3
5277,64
5278,3
5279,3
5280,3
5281,3
5282,3
5283,15
5284,29
5285,3
5286,3
5287,3
5288,3
5289,3
5290,64
5291,3
5292,46
5293,3
5294,11
5295,3
5296,3
5297,64
5298,3
5299,3
5300,3
5301,3
5302,30
5303,11
5304,64
5305,3
5306,11
5307,85
5308,3
5309,3
5310,64
5311,3
5312,3
5313,5
5314,64
5315,36
5316,3
5317,3
5318,3
5319,3
5320,3
5321,3
5322,3
5323,3
5324,3
5325,3
5326,3
5327,3
5328,64
5329,3
5330,3
5331,3
5332,3
5333,11
5334,3
5335,3
5336,3
5337,3
5338,3
5339,5
5340,43
5341,85
5342,3
5343,3
5344,3
5345,3
5346,3
5347,3
5348,46
5349,25
5350,64
5351,3
5352,3
5353,11
5354,3
5355,3
5356,3
5357,3
5358,46
5359,3
5360,3
5361,3
5362,3
5363,3
5364,3
5365,3
5366,64
5367,3
5368,3
5369,3
5370,3
5371,68
5372,77
5373,13
5374,85
5375,3
5376,3
5377,3
5378,3
5379,3
5380,3
5381,3
5382,3
5383,3
5384,3
5385,3
5386,3
5387,22
5388,85
5389,3
5390,3
5391,3
5392,3
5393,64
5394,3
5395,3
5396,5
5397,64
5398,3
5399,3
5400,3
5401,3
5402,64
5403,59
5404,5
5405,3
5406,3
5407,3
5408,3
5409,2
5410,30
5411,3
5412,3
5413,3
5414,64
5415,61
5416,3
5417,3
5418,3
5419,3
5420,29
5421,3
5422,85
5423,3
5424,3
5425,3
5426,3
5427,3
5428,3
5429,64
5430,5
5431,25
5432,25
5433,3
5434,3
5435,3
5436,2
5437,3
5438,3
5439,3
5440,3
5441,3
5442,64
5443,3
5444,15
5445,11
5446,11
5447,25
5448,64
5449,3
5450,11
5451,3
5452,64
5453,2
5454,64
5455,3
5456,3
5457,64
5458,4
5459,5
5460,46
5461,3
5462,64
5463,3
5464,3
5465,3
5466,3
5467,46
5468,11
5469,3
5470,64
5471,3
5472,64
5473,3
5474,59
5475,3
5476,3
5477,3
5478,3
5479,3
5480,3
5481,17
5482,3
5483,64
5484,3
5485,3
5486,3
5487,29
5488,46
5489,11
5490,90
5491,3
5492,3
5493,3
5494,3
5495,64
5496,3
5497,3
5498,64
5499,3
5500,3
5501,3
5502,26
5503,3
5504,64
5505,3
5506,46
5507,3
5508,64
5509,3
5510,3
5511,3
5512,3
5513,3
5514,3
5515,46
5516,3
5517,3
5518,64
5519,3
5520,64
5521,46
5522,3
5523,3
5524,3
5525,3
5526,3
5527,3
5528,3
5529,30
5530,3
5531,3
5532,85
5533,3
5534,3
5535,29
5536,3
5537,3
5538,11
5539,3
5540,3
5541,3
5542,3
5543,64
5544,3
5545,3
5546,25
5547,3
5548,3
5549,3
5550,64
5551,3
5552,2
5553,5
5554,17
5555,3
5556,3
5557,64
5558,3
5559,3
5560,3
5561,61
5562,3
5563,3
5564,3
5565,29
5566,3
5567,3
5568,3
5569,3
5570,25
5571,64
5572,2
5573,3
5574,3
5575,3
5576,64
5577,3
5578,3
5579,66
5580,3
5581,3
5582,3
5583,3
5584,3
5585,3
5586,64
5587,3
5588,3
5589,3
5590,3
5591,46
5592,3
5593,64
5594,3
5595,3
5596,3
5597,62
5598,46
5599,5
5600,25
5601,3
5602,3
5603,3
5604,3
5605,3
5606,3
5607,3
5608,3
5609,85
5610,3
5611,2
5612,82
5613,3
5614,3
5615,3
5616,3
5617,3
5618,25
5619,3
5620,3
5621,3
5622,3
5623,25
5624,3
5625,3
5626,3
5627,5
5628,59
5629,3
5630,3
5631,64
5632,3
5633,3
5634,3
5635,64
5636,3
5637,82
5638,3
5639,64
5640,3
5641,46
5642,3
5643,3
5644,3
5645,3
5646,3
5647,3
5648,3
5649,25
5650,64
5651,11
5652,3
5653,3
5654,3
5655,3
5656,11
5657,3
5658,3
5659,3
5660,46
5661,46
5662,97
5663,97
5664,3
5665,3
5666,3
5667,3
5668,30
5669,3
5670,3
5671,3
5672,3
5673,3
5674,3
5675,3
5676,3
5677,85
5678,3
5679,3
5680,3
5681,3
5682,3
5683,3
5684,3
5685,3
5686,3
5687,3
5688,3
5689,3
5690,3
5691,3
5692,3
5693,3
5694,3
5695,3
5696,64
5697,25
5698,64
5699,3
5700,3
5701,3
5702,3
5703,3
5704,5
5705,67
5706,51
5707,51
5708,3
5709,3
5710,3
5711,3
5712,3
5713,3
5714,3
5715,3
5716,3
5717,3
5718,3
5719,11
5720,3
5721,97
5722,3
5723,46
5724,3
5725,3
5726,3
5727,3
5728,3
5729,3
5730,3
5731,46
5732,3
5733,3
5734,3
5735,3
5736,3
5737,3
5738,3
5739,3
5740,11
5741,7
5742,3
5743,46
5744,25
5745,29
5746,3
5747,3
5748,3
5749,3
5750,85
5751,3
5752,11
5753,3
5754,3
5755,3
5756,3
5757,3
5758,3
5759,3
5760,64
5761,3
5762,3
5763,3
5764,3
5765,3
5766,64
5767,3
5768,82
5769,25
5770,3
5771,3
5772,3
5773,3
5774,3
5775,3
5776,3
5777,25
5778,3
5779,3
5780,3
5781,46
5782,5
5783,25
5784,3
5785,17
5786,3
5787,3
5788,3
5789,3
5790,13
5791,3
5792,2
5793,3
5794,5
5795,3
5796,3
5797,25
5798,59
5799,64
5800,62
5801,83
5802,5
5803,3
5804,59
5805,64
5806,25
5807,82
5808,51
5809,3
5810,3
5811,77
5812,3
5813,61
5814,75
5815,3
5816,3
5817,73
5818,64
5819,3
5820,3
5821,3
5822,59
5823,13
5824,3
5825,3
5826,25
5827,25
5828,6
5829,3
5830,6
5831,3
5832,82
5833,3
5834,3
5835,64
5836,3
5837,3
5838,59
5839,25
5840,29
5841,3
5842,3
5843,41
5844,41
5845,35
5846,64
5847,38
5848,25
5849,8
5850,82
5851,25
5852,40
5853,58
5854,3
5855,41
5856,99
5857,89
5858,10
5859,10
5860,2
5861,3
5862,3
5863,3
5864,3
5865,3
5866,3
5867,3
5868,25
5869,3
5870,3
5871,82
5872,3
5873,5
5874,30
5875,29
5876,46
5877,3
5878,85
5879,21
5880,85
5881,64
5882,3
5883,64
5884,25
5885,3
5886,25
5887,86
5888,41
5889,3
5890,2
5891,99
5892,29
5893,3
5894,3
5895,16
5896,36
5897,77
5898,3
5899,25
5900,3
5901,62
5902,56
5903,56
5904,10
5905,30
5906,3
5907,64
5908,6
5909,5
5910,3
5911,83
5912,20
5913,68
5914,20
5915,25
5916,3
5917,3
5918,3
5919,3
5920,37
5921,5
5922,64
5923,25
5924,46
5925,3
5926,3
5927,3
5928,3
5929,3
5930,11
5931,5
5932,3
5933,25
5934,36
5935,25
5936,3
5937,64
5938,3
5939,3
5940,3
5941,3
5942,3
5943,64
5944,3
5945,85
5946,64
5947,3
5948,64
5949,68
5950,95
5951,68
5952,3
5953,3
5954,3
5955,3
5956,3
5957,3
5958,3
5959,3
5960,3
5961,3
5962,30
5963,3
5964,3
5965,3
5966,3
5967,3
5968,3
5969,3
5970,3
5971,3
5972,3
5973,11
5974,64
5975,3
5976,3
5977,3
5978,82
5979,3
5980,3
5981,3
5982,3
5983,37
5984,3
5985,3
5986,3
5987,3
5988,3
5989,3
5990,3
5991,46
5992,5
5993,2
5994,7
5995,64
5996,3
5997,15
5998,25
5999,25
6000,83
6001,25
6002,25
6003,21
6004,25
6005,83
6006,5
6007,25
6008,62
6009,37
6010,82
6011,3
6012,35
6013,30
6014,5
6015,25
6016,41
6017,25
6018,77
6019,2
6020,89
6021,60
6022,35
6023,83
6024,64
6025,91
6026,3
6027,59
6028,46
6029,82
6030,30
6031,11
6032,82
6033,99
6034,62
6035,57
6036,86
6037,58
6038,3
6039,25
6040,3
6041,3
6042,3
6043,3
6044,3
6045,3
6046,3
6047,25
6048,5
6049,99
6050,30
6051,58
6052,64
6053,30
6054,64
6055,83
6056,25
6057,3
6058,11
6059,83
6060,5
6061,83
6062,3
6063,25
6064,64
6065,35
6066,64
6067,3
6068,61
6069,3
6070,3
6071,3
6072,85
6073,3
6074,3
6075,29
6076,3
6077,3
6078,3
6079,25
6080,46
6081,3
6082,3
6083,11
6084,25
6085,3
6086,3
6087,3
6088,3
6089,3
6090,3
6091,3
6092,46
6093,3
6094,11
6095,3
6096,20
6097,3
6098,5
6099,20
6100,3
6101,64
6102,46
6103,3
6104,3
6105,3
6106,11
6107,5
6108,46
6109,3
6110,3
6111,3
6112,3
6113,3
6114,3
6115,3
6116,3
6117,3
6118,3
6119,59
6120,3
6121,64
6122,11
6123,3
6124,46
6125,3
6126,3
6127,3
6128,3
6129,3
6130,64
6131,3
6132,64
6133,64
6134,46
6135,3
6136,3
6137,3
6138,25
6139,3
6140,3
6141,3
6142,3
6143,11
6144,58
6145,3
6146,3
6147,3
6148,62
6149,3
6150,3
6151,25
6152,46
6153,22
6154,58
6155,3
6156,64
6157,5
6158,3
6159,11
6160,3
6161,3
6162,25
6163,3
6164,11
6165,3
6166,3
6167,3
6168,3
6169,3
6170,64
6171,3
6172,3
6173,3
6174,3
6175,3
6176,82
6177,3
6178,64
6179,3
6180,3
6181,59
6182,3
6183,3
6184,3
6185,3
6186,3
6187,3
6188,3
6189,29
6190,3
6191,3
6192,3
6193,15
6194,3
6195,3
6196,3
6197,3
6198,3
6199,3
6200,3
6201,3
6202,3
6203,85
6204,64
6205,3
6206,3
6207,3
6208,64
6209,62
6210,15
6211,5
6212,3
6213,3
6214,3
6215,3
6216,3
6217,3
6218,59
6219,64
6220,3
6221,64
6222,3
6223,3
6224,3
6225,3
6226,3
6227,46
6228,3
6229,3
6230,3
6231,3
6232,3
6233,3
6234,3
6235,46
6236,90
6237,25
6238,3
6239,20
6240,3
6241,3
6242,46
6243,3
6244,57
6245,25
6246,3
6247,25
6248,3
6249,3
6250,3
6251,11
6252,11
6253,3
6254,3
6255,3
6256,85
6257,3
6258,3
6259,3
6260,3
6261,3
6262,3
6263,11
6264,3
6265,11
6266,64
6267,3
6268,3
6269,64
6270,3
6271,3
6272,3
6273,3
6274,3
6275,3
6276,64
6277,3
6278,3
6279,3
6280,3
6281,3
6282,3
6283,59
6284,3
6285,3
6286,3
6287,3
6288,3
6289,64
6290,3
6291,5
6292,25
6293,21
6294,30
6295,5
6296,5
6297,82
6298,3
6299,3
6300,82
6301,82
6302,3
6303,3
6304,3
6305,3
6306,3
6307,68
6308,30
6309,30
6310,85
6311,3
6312,62
6313,30
6314,3
6315,3
6316,82
6317,62
6318,30
6319,62
6320,15
6321,46
6322,68
6323,3
6324,25
6325,5
6326,78
6327,25
6328,85
6329,85
6330,3
6331,85
6332,85
6333,85
6334,58
6335,46
6336,3
6337,30
6338,3
6339,3
6340,3
6341,3
6342,3
6343,53
6344,95
6345,25
6346,25
6347,3
6348,11
6349,97
6350,25
6351,57
6352,40
6353,3
6354,46
6355,11
6356,83
6357,2
6358,2
6359,30
6360,82
6361,3
6362,46
6363,3
6364,46
6365,3
6366,3
6367,11
6368,59
6369,3
6370,3
6371,3
6372,3
6373,3
6374,3
6375,3
6376,3
6377,58
6378,3
6379,3
6380,3
6381,3
6382,3
6383,3
6384,25
6385,82
6386,25
6387,82
6388,25
6389,29
6390,5
6391,21
6392,75
6393,83
6394,3
6395,59
6396,5
6397,3
6398,99
6399,3
6400,25
6401,20
6402,3
6403,3
6404,3
6405,3
6406,20
6407,2
6408,30
6409,25
6410,83
6411,3
6412,3
6413,3
6414,20
6415,3
6416,30
6417,2
6418,3
6419,36
6420,3
6421,3
6422,25
6423,82
6424,85
6425,5
6426,25
6427,77
6428,3
6429,30
6430,89
6431,11
6432,5
6433,82
6434,30
6435,2
6436,3
6437,3
6438,3
6439,30
6440,29
6441,59
6442,82
6443,25
6444,83
6445,5
6446,89
6447,83
6448,77
6449,3
6450,25
6451,25
6452,64
6453,98
6454,11
6455,25
6456,13
6457,38
6458,46
6459,77
6460,3
6461,5
6462,3
6463,3
6464,3
6465,3
6466,21
6467,43
6468,30
6469,3
6470,25
6471,3
6472,3
6473,22
6474,99
6475,5
6476,25
6477,3
6478,64
6479,47
6480,47
6481,3
6482,64
6483,30
6484,62
6485,77
6486,57
6487,57
6488,64
6489,64
6490,25
6491,3
6492,11
6493,64
6494,3
6495,3
6496,3
6497,48
6498,64
6499,83
6500,5
6501,38
6502,5
6503,82
6504,29
6505,89
6506,5
6507,57
6508,30
6509,16
6510,89
6511,20
6512,2
6513,85
6514,3
6515,64
6516,64
6517,21
6518,5
6519,64
6520,99
6521,99
6522,82
6523,83
6524,29
6525,89
6526,29
6527,67
6528,83
6529,3
6530,78
6531,99
6532,3
6533,3
6534,3
6535,93
6536,30
6537,25
6538,25
6539,83
6540,28
6541,29
6542,25
6543,46
6544,3
6545,2
6546,25
6547,3
6548,64
6549,3
6550,3
6551,3
6552,57
6553,47
6554,25
6555,5
6556,25
6557,36
6558,41
6559,11
6560,3
6561,37
6562,59
6563,25
6564,68
6565,64
6566,64
6567,40
6568,30
6569,25
6570,25
6571,3
6572,3
6573,3
6574,3
6575,3
6576,3
6577,3
6578,3
6579,46
6580,25
6581,25
6582,62
6583,64
6584,77
6585,90
6586,30
6587,3
6588,3
6589,11
6590,25
6591,30
6592,60
6593,29
6594,62
6595,89
6596,3
6597,25
6598,89
6599,61
6600,25
6601,29
6602,5
6603,25
6604,38
6605,30
6606,25
6607,64
6608,89
6609,25
6610,25
6611,25
6612,3
6613,36
6614,83
6615,25
6616,99
6617,11
6618,5
6619,3
6620,77
6621,62
6622,89
6623,82
6624,46
6625,3
6626,3
6627,64
6628,2
6629,3
6630,3
6631,3
6632,3
6633,3
6634,3
6635,3
6636,3
6637,97
6638,98
6639,3
6640,3
6641,3
6642,3
6643,83
6644,64
6645,64
6646,82
6647,3
6648,46
6649,85
6650,3
6651,7
6652,3
6653,3
6654,11
6655,3
6656,3
6657,64
6658,95
6659,58
6660,36
6661,3
6662,2
6663,25
6664,77
6665,77
6666,64
6667,25
6668,3
6669,64
6670,30
6671,30
6672,2
6673,5
6674,25
6675,3
6676,30
6677,5
6678,3
6679,3
6680,29
6681,3
6682,3
6683,30
6684,11
6685,83
6686,99
6687,25
6688,64
6689,25
6690,25
6691,64
6692,25
6693,89
6694,3
6695,2
6696,3
6697,3
6698,29
6699,3
6700,77
6701,89
6702,3
6703,3
6704,3
6705,25
6706,68
6707,40
6708,25
6709,46
6710,3
6711,3
6712,3
6713,2
6714,3
6715,43
6716,43
6717,25
6718,25
6719,89
6720,9
6721,25
6722,64
6723,30
6724,25
6725,25
6726,59
6727,5
6728,3
6729,3
6730,58
6731,43
6732,48
6733,3
6734,13
6735,35
6736,3
6737,3
6738,11
6739,3
6740,62
6741,30
6742,89
6743,89
6744,77
6745,11
6746,30
6747,82
6748,3
6749,64
6750,85
6751,40
6752,20
6753,3
6754,93
6755,30
6756,83
6757,25
6758,15
6759,58
6760,89
6761,3
6762,3
6763,3
6764,11
6765,36
6766,3
6767,29
6768,3
6769,3
6770,89
6771,36
6772,3
6773,3
6774,82
6775,3
6776,64
6777,3
6778,21
6779,64
6780,21
6781,46
6782,40
6783,3
6784,25
6785,82
6786,25
6787,82
6788,5
6789,25
6790,82
6791,85
6792,64
6793,59
6794,3
6795,51
6796,3
6797,3
6798,3
6799,64
6800,5
6801,22
6802,3
6803,68
6804,83
6805,83
6806,89
6807,11
6808,3
6809,3
6810,3
6811,3
6812,2
6813,36
6814,11
6815,46
6816,3
6817,3
6818,3
6819,29
6820,3
6821,3
6822,3
6823,2
6824,64
6825,5
6826,3
6827,3
6828,3
6829,3
6830,62
6831,89
6832,25
6833,30
6834,3
6835,60
6836,3
6837,64
6838,3
6839,3
6840,3
6841,64
6842,76
6843,11
6844,2
6845,25
6846,3
6847,3
6848,62
6849,85
6850,64
6851,11
6852,58
6853,97
6854,3
6855,3
6856,3
6857,11
6858,3
6859,64
6860,25
6861,83
6862,30
6863,15
6864,3
6865,3
6866,3
6867,3
6868,30
6869,5
6870,48
6871,89
6872,3
6873,5
6874,3
6875,3
6876,92
6877,85
6878,3
6879,85
6880,5
6881,3
6882,59
6883,3
6884,3
6885,3
6886,3
6887,3
6888,11
6889,5
6890,11
6891,64
6892,3
6893,3
6894,3
6895,21
6896,3
6897,5
6898,37
6899,62
6900,3
6901,3
6902,46
6903,3
6904,3
6905,25
6906,3
6907,46
6908,25
6909,3
6910,2
6911,3
6912,3
6913,5
6914,25
6915,5
6916,59
6917,11
6918,86
6919,30
6920,11
6921,29
6922,22
6923,30
6924,30
6925,77
6926,3
6927,25
6928,20
6929,29
6930,76
6931,25
6932,21
6933,11
6934,5
6935,3
6936,5
6937,5
6938,76
6939,59
6940,58
6941,30
6942,5
6943,46
6944,64
6945,25
6946,11
6947,8
6948,25
6949,2
6950,3
6951,64
6952,3
6953,3
6954,3
6955,50
6956,59
6957,68
6958,64
6959,3
6960,30
6961,68
6962,85
6963,3
6964,29
6965,43
6966,47
6967,3
6968,29
6969,67
6970,29
6971,25
6972,3
6973,3
6974,64
6975,3
6976,3
6977,3
6978,3
6979,3
6980,3
6981,3
6982,3
6983,3
6984,89
6985,64
6986,3
6987,3
6988,3
6989,3
6990,3
6991,3
6992,3
6993,3
6994,3
6995,11
6996,3
6997,3
6998,3
6999,3
7000,3
7001,7
7002,3
7003,3
7004,3
7005,3
7006,3
7007,3
7008,3
7009,3
7010,3
7011,3
7012,3
7013,3
7014,3
7015,3
7016,59
7017,3
7018,3
7019,89
7020,38
7021,62
7022,57
7023,21
7024,25
7025,25
7026,64
7027,21
7028,40
7029,83
7030,83
7031,3
7032,3
7033,2
7034,64
7035,76
7036,46
7037,5
7038,2
7039,64
7040,5
7041,3
7042,25
7043,3
7044,3
7045,3
7046,5
7047,3
7048,85
7049,30
7050,77
7051,41
7052,25
7053,83
7054,30
7055,2
7056,43
7057,5
7058,64
7059,5
7060,83
7061,5
7062,21
7063,64
7064,25
7065,48
7066,64
7067,3
7068,25
7069,59
7070,3
7071,83
7072,48
7073,89
7074,68
7075,77
7076,25
7077,25
7078,82
7079,64
7080,3
7081,3
7082,99
7083,99
7084,25
7085,3
7086,3
7087,3
7088,5
7089,3
7090,89
7091,25
7092,77
7093,3
7094,29
7095,2
7096,13
7097,89
7098,15
7099,15
7100,2
7101,3
7102,82
7103,3
7104,59
7105,3
7106,25
7107,40
7108,51
7109,99
7110,25
7111,30
7112,85
7113,3
7114,14
7115,57
7116,17
7117,11
7118,64
7119,3
7120,85
7121,83
7122,83
7123,36
7124,3
7125,3
7126,30
7127,17
7128,64
7129,25
7130,64
7131,3
7132,29
7133,25
7134,77
7135,3
7136,11
7137,3
7138,25
7139,25
7140,25
7141,46
7142,25
7143,3
7144,59
7145,29
7146,11
7147,68
7148,3
7149,3
7150,3
7151,3
7152,3
7153,3
7154,3
7155,3
7156,3
7157,58
7158,3
7159,3
7160,3
7161,3
7162,3
7163,50
7164,3
7165,68
7166,3
7167,64
7168,64
7169,77
7170,3
7171,3
7172,25
7173,76
7174,3
7175,3
7176,3
7177,83
7178,57
7179,2
7180,3
7181,3
7182,43
7183,3
7184,3
7185,3
7186,2
7187,3
7188,3
7189,36
7190,3
7191,64
7192,3
7193,3
7194,93
7195,5
7196,82
7197,25
7198,85
7199,3
7200,3
7201,11
7202,89
7203,62
7204,3
7205,64
7206,64
7207,25
7208,25
7209,25
7210,25
7211,5
7212,3
7213,3
7214,25
7215,11
7216,77
7217,29
7218,64
7219,25
7220,40
7221,25
7222,3
7223,3
7224,3
7225,64
7226,57
7227,29
7228,99
7229,75
7230,3
7231,57
7232,21
7233,83
7234,60
7235,30
7236,64
7237,41
7238,3
7239,5
7240,3
7241,83
7242,20
7243,3
7244,3
7245,3
7246,25
7247,25
7248,25
7249,56
7250,5
7251,85
7252,82
7253,30
7254,3
7255,3
7256,5
7257,60
7258,57
7259,2
7260,2
7261,99
7262,41
7263,3
7264,29
7265,25
7266,3
7267,51
7268,76
7269,43
7270,3
7271,82
7272,25
7273,46
7274,25
7275,22
7276,77
7277,82
7278,47
7279,47
7280,25
7281,21
7282,83
7283,21
7284,21
7285,83
7286,21
7287,89
7288,25
7289,99
7290,64
7291,5
7292,77
7293,30
7294,25
7295,25
7296,25
7297,25
7298,99
7299,25
7300,99
7301,83
7302,14
7303,89
7304,5
7305,95
7306,82
7307,25
7308,37
7309,85
7310,35
7311,29
7312,11
7313,83
7314,30
7315,64
7316,5
7317,3
7318,64
7319,3
7320,3
7321,3
7322,3
7323,3
7324,3
7325,5
7326,64
7327,5
7328,2
7329,5
7330,3
7331,11
7332,3
7333,3
7334,3
7335,64
7336,3
7337,3
7338,3
7339,5
7340,25
7341,25
7342,5
7343,3
7344,25
7345,30
7346,59
7347,77
7348,5
7349,25
7350,5
7351,5
7352,5
7353,25
7354,3
7355,3
7356,5
7357,2
7358,64
7359,3
7360,3
7361,3
7362,59
7363,36
7364,3
7365,3
7366,25
7367,3
7368,22
7369,25
7370,3
7371,3
7372,3
7373,3
7374,3
7375,3
7376,3
7377,3
7378,3
7379,11
7380,3
7381,3
7382,58
7383,3
7384,3
7385,99
7386,85
7387,25
7388,3
7389,3
7390,3
7391,3
7392,99
7393,25
7394,64
7395,47
7396,64
7397,47
7398,47
7399,3
7400,75
7401,3
7402,3
7403,25
7404,68
7405,77
7406,64
7407,3
7408,3
7409,3
7410,3
7411,11
7412,82
7413,57
7414,25
7415,57
7416,77
7417,53
7418,5
7419,3
7420,46
7421,40
7422,3
7423,41
7424,5
7425,89
7426,77
7427,46
7428,3
7429,3
7430,3
7431,30
7432,3
7433,11
7434,89
7435,77
7436,3
7437,2
7438,77
7439,5
7440,30
7441,64
7442,35
7443,41
7444,64
7445,64
7446,57
7447,64
7448,25
7449,64
7450,25
7451,20
7452,76
7453,43
7454,82
7455,89
7456,12
7457,3
7458,25
7459,3
7460,29
7461,2
7462,3
7463,3
7464,77
7465,62
7466,15
7467,3
7468,46
7469,68
7470,3
7471,68
7472,3
7473,68
7474,11
7475,68
7476,68
7477,25
7478,98
7479,32
7480,25
7481,76
7482,37
7483,25
7484,85
7485,3
7486,5
7487,25
7488,3
7489,25
7490,89
7491,85
7492,5
7493,3
7494,78
7495,3
7496,64
7497,3
7498,3
7499,3
7500,25
7501,5
7502,77
7503,5
7504,3
7505,21
7506,3
7507,3
7508,3
7509,46
7510,25
7511,3
7512,5
7513,59
7514,3
7515,68
7516,3
7517,64
7518,3
7519,64
7520,97
7521,64
7522,5
7523,3
7524,3
7525,3
7526,3
7527,3
7528,3
7529,64
7530,46
7531,3
7532,3
7533,37
7534,3
7535,3
7536,3
7537,3
7538,3
7539,5
7540,3
7541,3
7542,2
7543,5
7544,46
7545,2
7546,3
7547,29
7548,29
7549,25
7550,3
7551,25
7552,3
7553,3
7554,3
7555,42
7556,64
7557,3
7558,64
7559,3
7560,3
7561,64
7562,64
7563,64
7564,20
7565,3
7566,3
7567,46
7568,3
7569,33
7570,21
7571,8
7572,3
7573,29
7574,3
7575,58
7576,82
7577,64
7578,5
7579,25
7580,3
7581,3
7582,25
7583,64
7584,83
7585,21
7586,89
7587,68
7588,83
7589,64
7590,59
7591,64
7592,25
7593,46
7594,62
7595,89
7596,64
7597,3
7598,25
7599,5
7600,82
7601,25
7602,40
7603,64
7604,30
7605,3
7606,3
7607,85
7608,30
7609,2
7610,3
7611,3
7612,3
7613,3
7614,20
7615,13
7616,3
7617,25
7618,98
7619,3
7620,35
7621,98
7622,3
7623,3
7624,3
7625,3
7626,89
7627,25
7628,64
7629,64
7630,11
7631,2
7632,3
7633,99
7634,48
7635,21
7636,89
7637,68
7638,64
7639,64
7640,3
7641,15
7642,38
7643,83
7644,83
7645,77
7646,83
7647,3
7648,5
7649,36
7650,25
7651,25
7652,3
7653,62
7654,57
7655,5
7656,64
7657,99
7658,3
7659,85
7660,30
7661,3
7662,3
7663,3
7664,3
7665,64
7666,3
7667,7
7668,3
7669,3
7670,3
7671,11
7672,3
7673,78
7674,25
7675,5
7676,22
7677,9
7678,3
7679,3
7680,3
7681,68
7682,64
7683,29
7684,64
7685,25
7686,25
7687,64
7688,29
7689,3
7690,46
7691,86
7692,99
7693,64
7694,3
7695,20
7696,3
7697,3
7698,3
7699,92
7700,82
7701,82
7702,30
7703,64
7704,46
7705,3
7706,5
7707,3
7708,3
7709,25
7710,83
7711,3
7712,3
7713,3
7714,3
7715,3
7716,64
7717,3
7718,3
7719,3
7720,25
7721,3
7722,3
7723,3
7724,3
7725,3
7726,3
7727,3
7728,11
7729,11
7730,3
7731,13
7732,3
7733,42
7734,5
7735,5
7736,30
7737,25
7738,3
7739,3
7740,3
7741,3
7742,25
7743,98
7744,3
7745,13
7746,73
7747,3
7748,3
7749,5
7750,3
7751,21
7752,58
7753,75
7754,89
7755,25
7756,89
7757,89
7758,68
7759,5
7760,21
7761,89
7762,3
7763,3
7764,29
7765,7
7766,85
7767,3
7768,25
7769,5
7770,46
7771,11
7772,25
7773,64
7774,64
7775,64
7776,64
7777,3
7778,3
7779,3
7780,3
7781,3
7782,3
7783,3
7784,3
7785,76
7786,25
7787,25
7788,30
7789,95
7790,82
7791,20
7792,20
7793,62
7794,99
7795,30
7796,62
7797,46
7798,5
7799,3
7800,30
7801,83
7802,3
7803,25
7804,25
7805,64
7806,83
7807,22
7808,64
7809,30
7810,82
7811,3
7812,46
7813,3
7814,3
7815,3
7816,29
7817,25
7818,11
7819,3
7820,3
7821,83
7822,68
7823,30
7824,20
7825,3
7826,64
7827,64
7828,21
7829,3
7830,3
7831,29
7832,3
7833,3
7834,68
7835,3
7836,36
7837,3
7838,25
7839,3
7840,29
7841,64
7842,3
7843,3
7844,3
7845,64
7846,3
7847,3
7848,3
7849,3
7850,3
7851,5
7852,3
7853,59
7854,5
7855,3
7856,3
7857,3
7858,5
7859,5
7860,97
7861,3
7862,64
7863,3
7864,3
7865,64
7866,3
7867,3
7868,3
7869,3
7870,3
7871,3
7872,46
7873,22
7874,59
7875,25
7876,21
7877,2
7878,3
7879,22
7880,28
7881,3
7882,36
7883,3
7884,3
7885,3
7886,3
7887,3
7888,3
7889,3
7890,64
7891,3
7892,3
7893,3
7894,3
7895,3
7896,77
7897,3
7898,77
7899,78
7900,67
7901,36
7902,2
7903,3
7904,25
7905,58
7906,25
7907,3
7908,3
7909,25
7910,99
7911,25
7912,36
7913,3
7914,89
7915,25
7916,25
7917,30
7918,8
7919,3
7920,3
7921,3
7922,59
7923,3
7924,30
7925,76
7926,5
7927,30
7928,25
7929,89
7930,21
7931,3
7932,3
7933,92
7934,3
7935,3
7936,3
7937,3
7938,3
7939,3
7940,3
7941,16
7942,98
7943,83
7944,76
7945,97
7946,40
7947,64
7948,62
7949,3
7950,68
7951,83
7952,21
7953,6
7954,3
7955,64
7956,3
7957,3
7958,64
7959,3
7960,3
7961,3
7962,29
7963,3
7964,64
7965,3
7966,3
7967,3
7968,3
7969,3
7970,3
7971,3
7972,3
7973,3
7974,3
7975,3
7976,5
7977,3
7978,3
7979,11
7980,3
7981,3
7982,3
7983,2
7984,5
7985,3
7986,3
7987,3
7988,3
7989,64
7990,3
7991,3
7992,89
7993,11
7994,3
7995,3
7996,3
7997,3
7998,3
7999,3
8000,3
8001,64
8002,3
8003,3
8004,3
8005,3
8006,3
8007,3
8008,85
8009,5
8010,3
8011,3
8012,3
8013,22
8014,3
8015,11
8016,29
8017,64
8018,3
8019,25
8020,30
8021,3
8022,3
8023,11
8024,13
8025,3
8026,3
8027,3
8028,3
8029,3
8030,3
8031,3
8032,3
8033,64
8034,46
8035,3
8036,64
8037,3
8038,3
8039,3
8040,3
8041,3
8042,3
8043,3
8044,3
8045,3
8046,3
8047,3
8048,3
8049,25
8050,3
8051,11
8052,3
8053,3
8054,3
8055,3
8056,46
8057,3
8058,3
8059,3
8060,3
8061,3
8062,64
8063,3
8064,64
8065,3
8066,3
8067,3
8068,82
8069,3
8070,3
8071,3
8072,3
8073,64
8074,64
8075,3
8076,64
8077,3
8078,3
8079,3
8080,15
8081,11
8082,64
8083,3
8084,3
8085,3
8086,3
8087,3
8088,3
8089,3
8090,11
8091,46
8092,46
8093,25
8094,3
8095,3
8096,3
8097,3
8098,3
8099,3
8100,3
8101,3
8102,3
8103,3
8104,46
8105,3
8106,82
8107,61
8108,25
8109,3
8110,60
8111,60
8112,3
8113,3
8114,3
8115,3
8116,3
8117,3
8118,64
8119,21
8120,3
8121,3
8122,5
8123,3
8124,3
8125,11
8126,3
8127,3
8128,97
8129,3
8130,3
8131,3
8132,3
8133,64
8134,3
8135,2
8136,3
8137,3
8138,3
8139,3
8140,3
8141,3
8142,64
8143,58
8144,3
8145,60
8146,3
8147,5
8148,3
8149,3
8150,3
8151,3
8152,3
8153,64
8154,40
8155,3
8156,3
8157,3
8158,3
8159,3
8160,64
8161,3
8162,3
8163,3
8164,3
8165,36
8166,3
8167,46
8168,15
8169,95
8170,3
8171,59
8172,58
8173,3
8174,3
8175,3
8176,3
8177,3
8178,3
8179,3
8180,3
8181,64
8182,3
8183,3
8184,3
8185,3
8186,3
8187,3
8188,3
8189,5
8190,3
8191,3
8192,46
8193,3
8194,3
8195,3
8196,3
8197,3
8198,3
8199,2
8200,3
8201,3
8202,3
8203,3
8204,3
8205,3
8206,61
8207,4
8208,2
8209,3
8210,3
8211,3
8212,11
8213,3
8214,59
8215,58
8216,46
8217,3
8218,3
8219,3
8220,3
8221,3
8222,3
8223,29
8224,3
8225,3
8226,3
8227,25
8228,3
8229,3
8230,3
8231,3
8232,3
8233,85
8234,3
8235,3
8236,3
8237,46
8238,3
8239,3
8240,3
8241,3
8242,3
8243,3
8244,29
8245,11
8246,2
8247,3
8248,85
8249,3
8250,3
8251,85
8252,3
8253,3
8254,4
8255,3
8256,3
8257,11
8258,59
8259,3
8260,3
8261,46
8262,3
8263,3
8264,46
8265,3
8266,3
8267,3
8268,3
8269,3
8270,64
8271,3
8272,36
8273,3
8274,3
8275,3
8276,46
8277,3
8278,46
8279,3
8280,25
8281,64
8282,3
8283,25
8284,3
8285,25
8286,3
8287,3
8288,25
8289,85
8290,25
8291,3
8292,3
8293,3
8294,3
8295,29
8296,3
8297,3
8298,3
8299,64
8300,3
8301,46
8302,3
8303,3
8304,3
8305,46
8306,3
8307,3
8308,3
8309,3
8310,3
8311,3
8312,3
8313,3
8314,3
8315,64
8316,46
8317,3
8318,3
8319,3
8320,3
8321,3
8322,3
8323,46
8324,3
8325,20
8326,11
8327,11
8328,3
8329,25
8330,3
8331,59
8332,3
8333,3
8334,3
8335,3
8336,36
8337,36
8338,36
8339,36
8340,3
8341,29
8342,3
8343,3
8344,3
8345,3
8346,3
8347,64
8348,3
8349,3
8350,64
8351,3
8352,46
8353,3
8354,3
8355,3
8356,3
8357,3
8358,3
8359,3
8360,3
8361,68
8362,3
8363,3
8364,3
8365,68
8366,3
8367,29
8368,3
8369,3
8370,3
8371,3
8372,64
8373,3
8374,3
8375,85
8376,3
8377,3
8378,64
8379,3
8380,3
8381,3
8382,3
8383,3
8384,5
8385,3
8386,3
8387,3
8388,46
8389,46
8390,3
8391,3
8392,5
8393,3
8394,3
8395,3
8396,3
8397,3
8398,3
8399,3
8400,3
8401,25
8402,57
8403,40
8404,11
8405,3
8406,3
8407,3
8408,82
8409,3
8410,64
8411,17
8412,3
8413,2
8414,3
8415,3
8416,3
8417,11
8418,3
8419,11
8420,64
8421,64
8422,64
8423,29
8424,3
8425,3
8426,3
8427,25
8428,3
8429,25
8430,3
8431,85
8432,64
8433,3
8434,3
8435,3
8436,3
8437,3
8438,3
8439,3
8440,89
8441,3
8442,3
8443,3
8444,3
8445,3
8446,3
8447,3
8448,3
8449,64
8450,3
8451,3
8452,3
8453,3
8454,64
8455,3
8456,3
8457,3
8458,3
8459,82
8460,3
8461,3
8462,3
8463,3
8464,3
8465,64
8466,15
8467,3
8468,3
8469,3
8470,3
8471,3
8472,3
8473,3
8474,3
8475,3
8476,3
8477,3
8478,64
8479,46
8480,3
8481,25
8482,30
8483,64
8484,62
8485,29
8486,11
8487,11
8488,3
8489,3
8490,3
8491,66
8492,3
8493,3
8494,64
8495,3
8496,3
8497,30
8498,3
8499,3
8500,3
8501,3
8502,2
8503,3
8504,3
8505,3
8506,64
8507,3
8508,3
8509,64
8510,3
8511,64
8512,3
8513,3
8514,3
8515,3
8516,25
8517,11
8518,3
8519,3
8520,3
8521,3
8522,3
8523,3
8524,3
8525,57
8526,3
8527,3
8528,25
8529,3
8530,3
8531,64
8532,64
8533,3
8534,64
8535,64
8536,3
8537,3
8538,2
8539,3
8540,3
8541,3
8542,3
8543,64
8544,3
8545,46
8546,3
8547,2
8548,5
8549,64
8550,11
8551,2
8552,82
8553,3
8554,30
8555,3
8556,3
8557,3
8558,3
8559,3
8560,3
8561,3
8562,3
8563,3
8564,3
8565,3
8566,3
8567,3
8568,64
8569,25
8570,36
8571,3
8572,3
8573,30
8574,3
8575,3
8576,3
8577,3
8578,3
8579,3
8580,64
8581,30
8582,77
8583,3
8584,46
8585,3
8586,3
8587,3
8588,73
8589,3
8590,3
8591,3
8592,3
8593,64
8594,30
8595,62
8596,29
8597,3
8598,25
8599,40
8600,85
8601,25
8602,64
8603,25
8604,3
8605,3
8606,3
8607,3
8608,3
8609,3
8610,64
8611,5
8612,3
8613,97
8614,3
8615,3
8616,3
8617,3
8618,3
8619,62
8620,3
8621,5
8622,3
8623,3
8624,3
8625,3
8626,3
8627,25
8628,3
8629,3
8630,3
8631,3
8632,3
8633,3
8634,3
8635,3
8636,25
8637,5
8638,35
8639,11
8640,60
8641,82
8642,3
8643,25
8644,5
8645,2
8646,3
8647,89
8648,25
8649,30
8650,82
8651,29
8652,64
8653,46
8654,29
8655,46
8656,29
8657,46
8658,25
8659,83
8660,41
8661,3
8662,89
8663,30
8664,25
8665,60
8666,64
8667,11
8668,3
8669,22
8670,59
8671,25
8672,3
8673,3
8674,3
8675,5
8676,30
8677,46
8678,3
8679,46
8680,3
8681,4
8682,64
8683,25
8684,89
8685,21
8686,59
8687,5
8688,3
8689,7
8690,7
8691,35
8692,25
8693,21
8694,90
8695,90
8696,25
8697,7
8698,58
8699,30
8700,3
8701,3
8702,3
8703,3
8704,3
8705,3
8706,61
8707,95
8708,55
8709,37
8710,25
8711,64
8712,59
8713,29
8714,64
8715,3
8716,3
8717,3
8718,20
8719,3
8720,3
8721,3
8722,3
8723,3
8724,3
8725,3
8726,64
8727,64
8728,25
8729,64
8730,36
8731,59
8732,11
8733,35
8734,30
8735,3
8736,3
8737,30
8738,3
8739,3
8740,82
8741,36
8742,3
8743,3
8744,3
8745,3
8746,22
8747,25
8748,64
8749,5
8750,89
8751,22
8752,77
8753,3
8754,29
8755,3
8756,3
8757,3
8758,3
8759,25
8760,3
8761,64
8762,29
8763,29
8764,3
8765,2
8766,58
8767,64
8768,46
8769,3
8770,3
8771,3
8772,78
8773,64
8774,3
8775,3
8776,3
8777,7
8778,11
8779,3
8780,3
8781,3
8782,3
8783,3
8784,3
8785,3
8786,3
8787,11
8788,3
8789,3
8790,3
8791,40
8792,25
8793,51
8794,25
8795,83
8796,64
8797,29
8798,3
8799,53
8800,3
8801,3
8802,5
8803,25
8804,8
8805,62
8806,5
8807,3
8808,83
8809,60
8810,60
8811,83
8812,60
8813,61
8814,59
8815,5
8816,20
8817,3
8818,3
8819,5
8820,41
8821,47
8822,25
8823,58
8824,5
8825,82
8826,25
8827,99
8828,3
8829,3
8830,3
8831,3
8832,3
8833,3
8834,3
8835,3
8836,3
8837,3
8838,5
8839,38
8840,64
8841,29
8842,89
8843,83
8844,3
8845,3
8846,3
8847,82
8848,83
8849,3
8850,20
8851,64
8852,3
8853,3
8854,3
8855,3
8856,3
8857,3
8858,64
8859,3
8860,3
8861,3
8862,3
8863,5
8864,3
8865,64
8866,59
8867,3
8868,25
8869,85
8870,64
8871,3
8872,3
8873,3
8874,64
8875,3
8876,3
8877,30
8878,3
8879,25
8880,25
8881,11
8882,3
8883,3
8884,3
8885,3
8886,3
8887,64
8888,3
8889,30
8890,30
8891,3
8892,3
8893,3
8894,64
8895,3
8896,64
8897,3
8898,3
8899,3
8900,3
8901,3
8902,3
8903,64
8904,25
8905,3
8906,3
8907,3
8908,25
8909,64
8910,3
8911,11
8912,3
8913,3
8914,3
8915,3
8916,3
8917,3
8918,3
8919,64
8920,3
8921,3
8922,3
8923,3
8924,3
8925,3
8926,3
8927,3
8928,3
8929,3
8930,3
8931,3
8932,11
8933,3
8934,3
8935,3
8936,3
8937,46
8938,3
8939,3
8940,3
8941,64
8942,3
8943,3
8944,3
8945,64
8946,3
8947,3
8948,64
8949,3
8950,11
8951,3
8952,3
8953,25
8954,3
8955,3
8956,3
8957,3
8958,3
8959,3
8960,3
8961,3
8962,3
8963,3
8964,64
8965,64
8966,3
8967,3
8968,64
8969,3
8970,46
8971,3
8972,64
8973,85
8974,3
8975,3
8976,59
8977,11
8978,3
8979,3
8980,30
8981,3
8982,3
8983,3
8984,3
8985,3
8986,3
8987,3
8988,3
8989,3
8990,64
8991,64
8992,3
8993,29
8994,3
8995,3
8996,3
8997,3
8998,3
8999,11
9000,3
9001,3
9002,3
9003,64
9004,3
9005,3
9006,3
9007,3
9008,5
9009,73
9010,3
9011,64
9012,2
9013,3
9014,3
9015,3
9016,3
9017,15
9018,3
9019,46
9020,3
9021,3
9022,3
9023,3
9024,3
9025,82
9026,3
9027,64
9028,64
9029,3
9030,3
9031,3
9032,29
9033,3
9034,3
9035,3
9036,64
9037,3
9038,25
9039,3
9040,3
9041,3
9042,64
9043,3
9044,3
9045,3
9046,3
9047,3
9048,46
9049,17
9050,25
9051,3
9052,3
9053,3
9054,3
9055,46
9056,3
9057,3
9058,3
9059,3
9060,3
9061,3
9062,3
9063,64
9064,59
9065,46
9066,5
9067,3
9068,3
9069,11
9070,64
9071,25
9072,3
9073,3
9074,8
9075,3
9076,3
9077,11
9078,3
9079,29
9080,3
9081,3
9082,11
9083,3
9084,3
9085,3
9086,3
9087,3
9088,3
9089,3
9090,29
9091,11
9092,3
9093,3
9094,73
9095,3
9096,3
9097,36
9098,30
9099,3
9100,3
9101,3
9102,25
9103,3
9104,3
9105,3
9106,3
9107,3
9108,3
9109,3
9110,3
9111,64
9112,3
9113,5
9114,3
9115,3
9116,3
9117,3
9118,3
9119,3
9120,3
9121,3
9122,3
9123,5
9124,3
9125,3
9126,30
9127,3
9128,20
9129,3
9130,3
9131,85
9132,3
9133,3
9134,64
9135,11
9136,3
9137,36
9138,3
9139,3
9140,37
9141,3
9142,3
9143,3
9144,3
9145,3
9146,46
9147,3
9148,64
9149,3
9150,64
9151,3
9152,3
9153,46
9154,3
9155,25
9156,3
9157,3
9158,76
9159,62
9160,3
9161,3
9162,25
9163,25
9164,3
9165,43
9166,3
9167,29
9168,73
9169,61
9170,25
9171,25
9172,83
9173,11
9174,3
9175,2
9176,3
9177,68
9178,5
9179,3
9180,3
9181,3
9182,2
9183,3
9184,3
9185,3
9186,3
9187,3
9188,64
9189,3
9190,3
9191,3
9192,5
9193,64
9194,93
9195,61
9196,46
9197,30
9198,64
9199,92
9200,25
9201,83
9202,2
9203,3
9204,8
9205,25
9206,22
9207,29
9208,3
9209,3
9210,3
9211,64
9212,3
9213,25
9214,25
9215,40
9216,5
9217,3
9218,64
9219,5
9220,3
9221,59
9222,25
9223,3
9224,3
9225,2
9226,2
9227,98
9228,11
9229,29
9230,3
9231,25
9232,3
9233,3
9234,25
9235,99
9236,37
9237,64
9238,2
9239,3
9240,3
9241,3
9242,3
9243,3
9244,3
9245,30
9246,95
9247,30
9248,3
9249,3
9250,3
9251,3
9252,3
9253,3
9254,46
9255,3
9256,46
9257,3
9258,3
9259,3
9260,3
9261,83
9262,30
9263,3
9264,64
9265,3
9266,3
9267,2
9268,25
9269,30
9270,75
9271,3
9272,83
9273,25
9274,64
9275,61
9276,64
9277,5
9278,89
9279,5
9280,55
9281,3
9282,25
9283,25
9284,37
9285,37
9286,3
9287,3
9288,29
9289,5
9290,20
9291,2
9292,96
9293,25
9294,11
9295,75
9296,3
9297,25
9298,3
9299,3
9300,30
9301,85
9302,3
9303,3
9304,64
9305,3
9306,30
9307,64
9308,3
9309,3
9310,3
9311,3
9312,59
9313,3
9314,3
9315,59
9316,50
9317,25
9318,64
9319,3
9320,25
9321,25
9322,83
9323,64
9324,82
9325,11
9326,77
9327,25
9328,3
9329,3
9330,3
9331,3
9332,3
9333,3
9334,3
9335,3
9336,30
9337,86
9338,3
9339,25
9340,20
9341,62
9342,62
9343,25
9344,83
9345,30
9346,22
9347,3
9348,3
9349,3
9350,28
9351,3
9352,58
9353,3
9354,48
9355,25
9356,64
9357,25
9358,59
9359,30
9360,3
9361,64
9362,3
9363,48
9364,5
9365,29
9366,64
9367,59
9368,99
9369,64
9370,29
9371,5
9372,25
9373,25
9374,25
9375,30
9376,76
9377,11
9378,30
9379,85
9380,3
9381,5
9382,46
9383,11
9384,85
9385,25
9386,77
9387,25
9388,3
9389,85
9390,76
9391,5
9392,99
9393,13
9394,35
9395,25
9396,83
9397,20
9398,55
9399,11
9400,25
9401,29
9402,3
9403,46
9404,5
9405,2
9406,25
9407,3
9408,25
9409,3
9410,3
9411,82
9412,95
9413,30
9414,36
9415,5
9416,5
9417,3
9418,21
9419,25
9420,62
9421,3
9422,64
9423,25
9424,3
9425,3
9426,3
9427,3
9428,3
9429,3
9430,3
9431,3
9432,5
9433,3
9434,75
9435,3
9436,85
9437,5
9438,57
9439,30
9440,62
9441,30
9442,25
9443,59
9444,29
9445,30
9446,30
9447,3
9448,3
9449,30
9450,3
9451,85
9452,25
9453,22
9454,3
9455,5
9456,25
9457,25
9458,36
9459,5
9460,85
9461,25
9462,11
9463,3
9464,85
9465,57
9466,3
9467,3
9468,46
9469,3
9470,64
9471,64
9472,25
9473,3
9474,25
9475,3
9476,36
9477,89
9478,30
9479,25
9480,3
9481,3
9482,2
9483,64
9484,46
9485,41
9486,3
9487,3
9488,46
9489,3
9490,11
9491,3
9492,64
9493,25
9494,3
9495,3
9496,36
9497,36
9498,36
9499,3
9500,64
9501,11
9502,46
9503,3
9504,3
9505,3
9506,3
9507,11
9508,3
9509,3
9510,3
9511,3
9512,3
9513,3
9514,11
9515,78
9516,25
9517,11
9518,2
9519,13
9520,2
9521,25
9522,57
9523,64
9524,85
9525,62
9526,82
9527,62
9528,2
9529,82
9530,29
9531,82
9532,21
9533,25
9534,30
9535,47
9536,3
9537,7
9538,25
9539,3
9540,3
9541,64
9542,3
9543,3
9544,3
9545,3
9546,3
9547,64
9548,33
9549,3
9550,21
9551,99
9552,25
9553,25
9554,89
9555,62
9556,62
9557,21
9558,89
9559,83
9560,25
9561,25
9562,59
9563,25
9564,30
9565,36
9566,25
9567,3
9568,3
9569,3
9570,3
9571,3
9572,25
9573,3
9574,3
9575,3
9576,3
9577,5
9578,64
9579,46
9580,3
9581,68
9582,3
9583,3
9584,3
9585,59
9586,3
9587,60
9588,40
9589,43
9590,25
9591,83
9592,64
9593,85
9594,30
9595,36
9596,64
9597,64
9598,25
9599,3
9600,46
9601,10
9602,10
9603,47
9604,62
9605,25
9606,40
9607,40
9608,83
9609,62
9610,25
9611,59
9612,3
9613,3
9614,3
9615,3
9616,3
9617,3
9618,3
9619,20
9620,20
9621,25
9622,30
9623,30
9624,25
9625,25
9626,59
9627,21
9628,38
9629,58
9630,36
9631,21
9632,25
9633,78
9634,25
9635,64
9636,89
9637,25
9638,3
9639,57
9640,30
9641,85
9642,3
9643,3
9644,46
9645,62
9646,25
9647,3
9648,3
9649,3
9650,5
9651,64
9652,64
9653,25
9654,3
9655,77
9656,25
9657,3
9658,3
9659,11
9660,3
9661,3
9662,3
9663,2
9664,3
9665,2
9666,3
9667,3
9668,3
9669,3
9670,64
9671,3
9672,64
9673,64
9674,64
9675,3
9676,2
9677,64
9678,3
9679,11
9680,3
9681,30
9682,3
9683,25
9684,43
9685,3
9686,3
9687,77
9688,62
9689,30
9690,64
9691,30
9692,59
9693,3
9694,3
9695,3
9696,3
9697,3
9698,29
9699,2
9700,3
9701,30
9702,86
9703,3
9704,3
9705,51
9706,62
9707,62
9708,6
9709,68
9710,89
9711,25
9712,25
9713,40
9714,89
9715,3
9716,3
9717,64
9718,3
9719,3
9720,3
9721,3
9722,3
9723,3
9724,3
9725,3
9726,3
9727,3
9728,3
9729,3
9730,89
9731,3
9732,77
9733,28
9734,47
9735,99
9736,5
9737,99
9738,30
9739,25
9740,25
9741,85
9742,85
9743,3
9744,15
9745,3
9746,30
9747,5
9748,59
9749,30
9750,3
9751,5
9752,85
9753,25
9754,3
9755,3
9756,85
9757,3
9758,3
9759,59
9760,20
9761,20
9762,30
9763,5
9764,3
9765,5
9766,3
9767,11
9768,11
9769,40
9770,17
9771,5
9772,21
9773,21
9774,3
9775,64
9776,99
9777,83
9778,3
9779,13
9780,61
9781,25
9782,3
9783,3
9784,3
9785,3
9786,3
9787,3
9788,3
9789,3
9790,3
9791,30
9792,60
9793,62
9794,30
9795,25
9796,60
9797,25
9798,10
9799,3
9800,3
9801,81
9802,30
9803,3
9804,3
9805,25
9806,62
9807,37
9808,25
9809,6
9810,30
9811,2
9812,46
9813,89
9814,25
9815,64
9816,5
9817,40
9818,25
9819,89
9820,47
9821,64
9822,2
9823,64
9824,36
9825,25
9826,82
9827,25
9828,20
9829,3
9830,20
9831,3
9832,25
9833,83
9834,25
9835,25
9836,3
9837,83
9838,64
9839,30
9840,40
9841,83
9842,36
9843,3
9844,25
9845,89
9846,29
9847,46
9848,3
9849,30
9850,5
9851,51
9852,37
9853,36
9854,64
9855,29
9856,3
9857,64
9858,64
9859,25
9860,3
9861,3
9862,3
9863,77
9864,11
9865,3
9866,25
9867,2
9868,64
9869,64
9870,29
9871,3
9872,3
9873,37
9874,25
9875,3
9876,77
9877,43
9878,85
9879,77
9880,11
9881,85
9882,25
9883,3
9884,3
9885,15
9886,13
9887,82
9888,25
9889,43
9890,25
9891,61
9892,3
9893,46
9894,3
9895,3
9896,25
9897,62
9898,11
9899,59
9900,3
9901,3
9902,3
9903,3
9904,3
9905,3
9906,3
9907,3
9908,3
9909,3
9910,3
9911,64
9912,3
9913,64
9914,3
9915,3
9916,85
9917,3
9918,3
9919,64
9920,11
9921,75
9922,3
9923,3
9924,3
9925,7
9926,2
9927,25
9928,3
9929,78
9930,3
9931,3
9932,3
9933,64
9934,3
9935,3
9936,89
9937,25
9938,2
9939,17
9940,64
9941,5
9942,64
9943,3
9944,30
9945,3
9946,25
9947,29
9948,85
9949,29
9950,25
9951,46
9952,20
9953,2
9954,43
9955,21
9956,41
9957,3
9958,3
9959,46
9960,25
9961,77
9962,59
9963,3
9964,43
9965,2
9966,11
9967,30
9968,5
9969,3
9970,3
9971,85
9972,30
9973,82
9974,3
9975,62
9976,25
9977,15
9978,11
9979,25
9980,3
9981,20
9982,36
9983,30
9984,46
9985,46
9986,3
9987,3
9988,5
9989,3
9990,5
9991,3
9992,68
9993,82
9994,25
9995,12
9996,64
9997,77
9998,89
9999,3
10000,3
